Title,URL,Artist,Song ID,Lyrics,Upload Date,Annotations,Description
J’oublie tout,https://genius.com/Jul-joublie-tout-lyrics,JuL,370679,"J’oublie tout Lyrics[Paroles de ""J'oublie tout""]

[Couplet 1]
J'fume des grosses barres, j'm'étouffe
Il m'reste deux sticks, j'mets tout
J'ai fait un rêve, 38 ans, j'disais au patron ""j'guette où ?""
J'sors de chez moi calé, j'entends : ""akha, descente !""
Ça finit au Palais, famille en pleurs, stressante
Trop de miss qui m'pistent autour de la piste, filles bien ou bitchs
Vite, y a embrouille, nique les videurs, même eux c'est des fils de p'
Embrouille, grosse droite, faut leur faire tomber le taser
Un poto s'est fait niquer, il veut revenir avec un Fazer
J'suis en chien malade, j'ai même pas pour faire 5-5
T'as assumé pour un braquage, ils t'en ont rajouté 25
Embrouille, si si, j'suis là je sais même pas pourquoi
Maintenant tu veux nous niquer mais t'inquiètes, j'm'en fais pas pour moi
[Refrain]
Ce soir j'oublie tout
J'cherche mon chemin, j'fais des détours
Ce soir j'oublie tout et quand j'repense à ce jour
J'me dis qu'la vie est courte, on partira tous un jour
Alors j'm'en tape de vos discours, derrière le bonheur, moi je cours
Ce soir j'oublie tout
J'cherche mon chemin, j'fais des détours
Ce soir j'oublie tout et quand j'repense à ce jour
J'me dis qu'la vie est courte, on partira tous un jour
Alors j'm'en tape de vos discours, derrière le bonheur, moi je cours

[Couplet 2]
C'est Jul qu'arrive dans l'game, j'suis venu pour tout niquer
J'traînais avec des gens, j'en ai jamais profité
J'évite les coups d'putes, les salopes qu'aiment les friqués
Sache qu'avant tout j'suis pauvre, y'a qu'mon cœur à piquer
J'veux Shakira comme Piqué
Vas-y rends moi mon briquet
J'roule en buvette, j'prends des virages de niqué
Me dis pas ci, me dis pas ça, frérot j'rappe comme dégun
J'ai fini dans des embrouilles, histoire de fou ça frappait comme dans Taken
Fais pas le youv' quand t'es dégun
On t'a tout mis dans tes mains
Tu les as tous mis dans la merde, t'as fini dans un T1
Trop d'potos qui perdent la face, qui branchent ta femme et la casse
J'sors d'une nuit blanche casse pas les couilles, suffit d'un verre pour qu'je bois la tasse
J'ai eu des potos, c'était des putes, sur ma mère qu'ils m'ont mis l'œil
Mal luné, j'me suis mis à fumer
Mon poto vient d'sortir, j'continue à l'assumer
J'garde la tête sur les épaules, les folles me maudissent
J'les esquive comme la taule, les lol, les gros diss
Qu-quoi qu'on dise, j'ai pas tout dit, pas tout fait
J'ai rien à prouver, tu m'as donné ton amour
J'ai rien à prouver
[Refrain]
Ce soir j'oublie tout
J'cherche mon chemin, j'fais des détours
Ce soir j'oublie tout et quand j'repense à ce jour
J'me dis qu'la vie est courte, on partira tous un jour
Alors j'm'en tape de vos discours, derrière le bonheur, moi je cours
Ce soir j'oublie tout
J'cherche mon chemin, j'fais des détours
Ce soir j'oublie tout et quand j'repense à ce jour
J'me dis qu'la vie est courte, on partira tous un jour
Alors j'm'en tape de vos discours, derrière le bonheur, moi je cours86Embed",1653420166,17,"{'plain': ""“J'oublie tout” est l'un des premiers grands succès de Jul. Le morceau sort le 24 février 2014 dans l'album Dans ma paranoïa, alors que le rappeur est encore quelque peu méconnu du grand public.""}"
Tchikita,https://genius.com/Jul-tchikita-lyrics,JuL,2861919,"Tchikita Lyrics[Paroles de ""Tchikita""]

[Intro]
Tchiki-Tchikita, Tchiki-Tchikita, Tchiki-Tchikita
Tchiki-Tchikita, Tchiki-Tchikita, Tchiki-Tchikita

[Refrain]
Elle a l'regard qui tue Tchikita
Cheveux longs comme Nikita
Si elle me quitte pas, j'la quitte pas
Tchikita, Tchikita
Elle a l'regard qui tue Tchikita
Cheveux longs comme Nikita
Si elle me quitte pas, j'la quitte pas
Tchikita, Tchikita
[Couplet 1]
Elle a passé toute la nuit à m'peloter
Elle est pas dans l'même dél' que les filles d'à côté
J'la regarde dans les yeux en sirotant mon cocktail
Elle m'a vu dans l'VIP, me prend pour un mec mortel
Sait pas qu'si elle s'manque avec moi j'lui nique sa gram's
Prends mon Snap' ou mon Facebook, moi j'ai pas Instagram
Elle veut me parler, me fait la grande, la madame
J'ai rien pour toi moi j'vis toujours dans l'bas d'gamme
J'plonge dans ses yeux, je m'y noie
J'la regarde, je m'y vois
J'plonge dans ses yeux, je m'y noie
J'la regarde, je m'y vois

[Refrain]
Elle a l'regard qui tue Tchikita
Cheveux longs comme Nikita
Si elle me quitte pas, j'la quitte pas
Tchikita, Tchikita
Elle a l'regard qui tue Tchikita
Cheveux longs comme Nikita
Si elle me quitte pas, j'la quitte pas
Tchikita, Tchikita

[Couplet 2]
Mais où t'étais girl
J't'imaginais comme ça quand j'étais seul
Des fois tu m'fais la gueule
Rien qu'on fait les fiers et qu'on s'engueule
J'vois plus rien devant son boule magique
Je m'évade, je deviens très nostalgique
Elle s'est fait belle, ouais elle s'est fait les ongles
Elle a fait les plaques sur ses cheveux longo
J'l'aime bien elle est gentille et simple
Pas besoin d'aller la chercher en Lambo'
Elle me trouve beau même quand j'le suis pas
Fuis-moi j'te suis, elle j'la suis elle m'fuit pas
[Refrain]
Elle a l'regard qui tue Tchikita
Cheveux longs comme Nikita
Si elle me quitte pas, j'la quitte pas
Tchikita, Tchikita
Elle a l'regard qui tue Tchikita
Cheveux longs comme Nikita
Si elle me quitte pas, j'la quitte pas
Tchikita, Tchikita
Elle a l'regard qui tue Tchikita
Cheveux longs comme Nikita
Si elle me quitte pas, j'la quitte pas
Tchikita, Tchikita
Elle a l'regard qui tue Tchikita
Cheveux longs comme Nikita
Si elle me quitte pas, j'la quitte pas
Tchikita, Tchikita
Elle a l'regard qui tue Tchikita
Cheveux longs comme Nikita
Si elle me quitte pas, j'la quitte pas
Tchikita, Tchikita
Elle a l'regard qui tue Tchikita
Cheveux longs comme Nikita
Si elle me quitte pas, j'la quitte pas
Tchikita, Tchikita
Elle a l'regard qui tue Tchikita
Cheveux longs comme Nikita
Si elle me quitte pas, j'la quitte pas
Tchikita, Tchikita
Elle a l'regard qui tue Tchikita
Cheveux longs comme Nikita
Si elle me quitte pas, j'la quitte pas
Tchikita, Tchikita
[Outro]
Tchiki-Tchikita, Tchiki-Tchikita, Tchiki-Tchikita
Tchiki-Tchikita, Tchiki-Tchikita, Tchiki-Tchikita
Tchiki-Tchikita, Tchiki-Tchikita, Tchiki-Tchikita
C'est Ju-Ju-Jul, gros big up à Dj Babs
Tchiki-Tchikita, Tchiki-Tchikita, Tchiki-Tchikita
Tchiki-Tchikita, Tchiki-Tchikita, Tchiki-Tchikita5Embed",1646036655,16,{'plain': '?'}
Tu la love,https://genius.com/Jul-tu-la-love-lyrics,JuL,369385,"Tu la love Lyrics[Paroles de ""Tu la love""]

[Couplet 1]
T'étais amoureux d'elle
Les gens t'ont dit t'es pas fait pour elle
Elle répond pas au tel
Tu pètes les plombs tu fais ton bordel
Talons, Rimmel trop pour elle
Tes potes tous autour d'elle
Tu fais le mec qui t'en tape
Mais tu meurs pour elle
Et elle en profite
Oui ça va trop vite
Elle te fait croire qu'elle est chez sa cousine
Mais elle est sur la piste
Champagne, bordel, tout le monde la piste
Sur la joue ça lui fait des kiss
Si c'est plus fort qu'elle
Elle peut finir à l'hôtel Ibis
Faut de tout pour faire un monde
N’écoute pas trop les : ""on dit""
Comme elle t'a fait la honte
J'crois qu’elle t'a vu trop gentil
T'as pas écouté tes potos
Ils l'ont même prise en photo
Fin de soirée en buvette
Elle s'est fait charger en moto
Elle s'est fait charger en moto
[Refrain]
Tu regardes devant toi, tu vois pas c'qu'il se passe dans son dos
Elle t'fait les 400 coups, mais quoi qu'elle fasse t'es accro
Car tu la love
Tu la love
C’est ta drogue
Tu la love
Tu regardes devant toi, tu vois pas c'qu'il se passe dans son dos
Elle te fait les 400 coups, mais quoi qu'elle fasse t'es accro
Car tu la love
Tu la love
C’est ta drogue
Tu la love

[Couplet 2]
T'étais vraiment amoureux d’elle
Elle t'a fait tourner la tête
Dans son dos tu fais l'rebelle
Et quand tu la vois tu baisses la tête
Tu peux en choisir une autre pour moi c'est pas la bonne
Des problèmes tu vas en avoir en tonnes
Pour moi, t'as rien vu encore
Si tu restes avec elle faudra pas que tu t'étonnes
C'est juste un conseil fais comme tu le sens
Ici il y en a beaucoup qui ont touché le fond
Moi je suis sûr à 100%
Qu'à cette heure-ci elle t'a pris pour un con
[Pont]
Non mais faut pas déconner
Elles veulent toutes d'la monnaie
Petit bourge à faire pigeonner
Qui va finir par chômer
Les filles comme ça je les connais
Faut se les trimbaler la journée
Tu payes 400 eu' l'hôtel
Et tu peux même pas la fourrer

[Refrain]
Tu regardes devant toi, tu vois pas c'qu'il se passe dans son dos
Elle te fait les 400 coups, mais quoi qu'elle fasse t'es accro
Car tu la love
Tu la love
C’est ta drogue
Tu la love75Embed",1653655676,8,{'plain': '?'}
Dans ma paranoïa,https://genius.com/Jul-dans-ma-paranoia-lyrics,JuL,245000,"Dans ma paranoïa Lyrics[Paroles de ""Dans ma paranoïa""]

[Intro]
J'suis dans ma paranoïa
J'suis dans ma paranoïa
Paranoïaque, paranoïaque
J'suis dans ma paranoïa
J'suis dans ma paranoïa
Paranoïaque, paranoïaque

[Refrain]
Je suis dans ma paranoïa, paranoïaque
Laissez-moi sur ma route, j'en ai plus rien à foutre
Amis, ennemis, y a embrouille, ouais calomnie
Hey mon vier, fais pas le gros, ta drogue vient pas de Colombie
[Couplet 1]
Je suis pas Snoop Dogg, au tieq' ça vend de la douce drogue
Who smoke ? Couz fuck, ici tout s'troque
Dites-moi si j'ai changé, dites-moi si je suis plus le même
Dis pas que tu veux me test, non mais attends là, what’s your name ?
Je connais pas les femmes mais j'ai ce qu'elles veulent
C'est quand t'as rien que tu sais ce qu'elles valent
Tu gamberges quand tu finis seul
Tu repars chez ta mère avec même pas 100 balles
Tu fais le zingueur, tu coupes mal un kil'
Tu fais le voleur, tu fais mal les fils
Tu fais le coinceur, tu connais mal les filles
Elle sont traîtres et maléfiques

[Refrain]
Je suis dans ma paranoïa, paranoïaque
Laissez-moi sur ma route, j'en ai plus rien à foutre
Je suis dans ma paranoïa, paranoïaque
Laissez-moi sur ma route, j'en ai plus rien à foutre

[Couplet 2]
Tu quittes la cité, pourquoi, t'es pisté ?
Ou c'est tout simplement que ta femme t'a mis au piquet
Ça y est je suis vidé, là je t'écoute même plus
Je mets Prada, videur moi, je mets pas de pointues
Embrouille, grosses pointures, parking, coups de ceinture
C'est dur de se voir glisser quand le sol est tarpin dur
Je sais très bien qui t'es, dis-moi qui je suis
Dis-moi si je fais des fautes, des fois je sais même plus qui suivre
[Refrain]
Je suis dans ma paranoïa, paranoïaque
Laissez-moi sur ma route, j'en ai plus rien à foutre
Je suis dans ma paranoïa, paranoïaque
Laissez-moi sur ma route, j'en ai plus rien à foutre

[Pont]
Rien à foutre, je tente ma chance, je veux rentrer dans la légende
Je suis dans ma paranoïa, d'après ce que me disent les gens
Je calcule rien, je fais ma vie, je sais que rien n'est acquis
Mais je donne tout pour ma ville
Rien à foutre, je tente ma chance, je veux rentrer dans la légende
Je suis dans ma paranoïa, d'après ce que me disent les gens
Je calcule rien, je fais ma vie, je sais que rien n'est acquis
Mais je donne tout pour ma ville

[Outro]
Paranoïa, paranoïaque
Laissez-moi sur ma route, j'en ai plus rien à foutre
Je suis dans ma paranoïa30Embed",1647707743,13,{'plain': '?'}
My World,https://genius.com/Jul-my-world-lyrics,JuL,2405768,"My World Lyrics[Paroles de ""My World""]

[Couplet 1]
Comme en Colombie
Armés jusqu'aux dents c'est l'Amazonie
Comme en Colombie
Armés jusqu'aux dents c'est l'Amazonie
Ne joue pas trop l'mia
T'façon d'nos jours peu sont fiables
Cherche pas j'suis grillé
Pour m'changer faudrait un miracle
À quoi tu joues là ? Tu crois qu'j'suis ton pote
Tu m'as pris pour qui là ?
Tu m'as ouvert les yeux, ouh mamma mia
Vous me faites chier, et j'm'en tape des gens qu'y'a
Je jugerai pas moi sans savoir qui t'es
Quand j'me sens faible j'demande à Dieu de m'guider
(Dieu de m'guider, Dieu de m'guider), j'ai besoin d'me vider
[Pré-refrain]
T'es là tu m'fais l'killer, tu n'es qu'un videur
Y'a rien d'fantastique, moi j'rentre en Asics
Viens donc dans my world
T'es là tu vois pas tu deuh
T'es là tu m'fatigues, tu fumes du plastique

[Refrain]
Bouge ton body, bouge ton body
Ah, ah, ah, yeah
Bouge ton body, bouge ton body
Oh, ooo, oh, oh, ooo, oh
Bouge ton body, bouge ton body
Ah, ah, ah, yeah
Bouge ton body, bouge ton body
Oh, ooo, oh, oh, ooo, oh

[Couplet 2]
Sur qui tu veux tirer ? Pas loin toi t'iras
Tu marcheras, tu monteras
Et plus tard on te tuera
C’est la loi du milieu
Là où des armes et des go il y a
Ça te charge comme à la corrida
Ça sert à rien de faire le gorilla
Tu t'rappelles vous riiez
Maintenant vous êtes là
Heureusement j'ai trié, je ne regrette pas
Et j'esquive toutes ces biatchs
Sur Pépé ils font la grillade
Elles mordent pas, font que crier
Cherchent une suite au Kyriad
Et puis rien que je gamberge
Ça sert à rien de parler
J'ai fait les choses à ma manière
Tant mieux qu'ça a marché
Un peu d'miel j'la monte en l'air
Coup d'reins elle crie mon nom
Deux-trois belles paroles en l'air
Et elle me dit : ""t’es mon homme""
[Pré-refrain]
T'es là tu m'fais l'killer, tu n'es qu'un videur
Y'a rien d'fantastique, moi j'rentre en Asics
Viens donc dans my world
T'es là tu vois pas tu deuh
T'es là tu m'fatigues, tu fumes du plastique

[Refrain]
Bouge ton body, bouge ton body
Ah, ah, ah, yeah
Bouge ton body, bouge ton body
Oh, ooo, oh, oh, ooo, oh

[Pré-refrain]
T'es là tu m'fais l'killer, tu n'es qu'un videur
Y'a rien d'fantastique, moi j'rentre en Asics
Viens donc dans my world
T'es là tu vois pas tu deuh
T'es là tu m'fatigues, tu fumes du plastique

[Refrain]
Bouge ton body, bouge ton body
Ah, ah, ah, yeah
Bouge ton body, bouge ton body
Oh, ooo, oh, oh, ooo, oh
[Pré-refrain]
Y'a rien d'fantastique, moi j'rentre en Asics
Viens donc dans my world
T'es là tu vois pas tu deuh
T'es là tu m'fatigues, tu fumes du plastique
Y'a rien d'fantastique, moi j'rentre en Asics
Viens donc dans my world
T'es là tu vois pas tu deuh
T'es là tu m'fatigues, tu fumes du plastique16Embed",1649533714,18,"{'plain': ""Ce morceau (surtout le refrain) est inspiré du titre original de Aqua.\n\nhttps://www.youtube.com/watch?time_continue=2&v=v35fWf1CWFQ\n\n\nI’m a Barbie girl in a Barbie world\nLife in plastic, it’s fantastic\nYou can brush my hair, undress me everywhere\nImagination, life is your creation\n\nCome on Barbie, let’s go party\nAh, ah, ah, yeah\nCome on Barbie, let’s go party\nOh, ooo, oh\n\n\nCe n'est pas la première fois que Jul reprend une chanson des années 80 :\n\n\n“Mon son vient d'ailleurs” reprenait “Freed From Desire” de Gala ;\n“Self Control (Ma Life 2)” reprenait “Self Control” de Laura Branigan ;\n“Encore Des Paroles” reprenait “Paroles, Paroles” de Dalida.""}"
Wesh alors,https://genius.com/Jul-wesh-alors-lyrics,JuL,2331453,"Wesh alors Lyrics[Paroles de ""Wesh alors""]

[Intro]
Alors, wesh alors
Alors, wesh alors

[Couplet 1]
Viens dans mon dél' allez let's go
Ils parlent de moi mais je les laisse gros
Tiens ta gadji j'ai pas la laisse gros
On voit que ses fesses gros
Ouais ouais ouais je baise tout
Jamais je dirai ""je laisse tout""
Oh le con il veut me test ouh
Tiens des baffes dans ta tête ouh
J'fais des tours dans le quartier c'est mort
J'lève ma main à des traîtres j'leur dis...
[Refrain]
Wesh alors, wesh alors
Wesh alors, wesh alors
Wesh alors
Sors ta beuh, ta plaquette
J'suis dans l'game en claquettes
Dans l'carré VIP en survêt'
Viens pas me prendre la tête

[Pont 1]
Wesh le sang, wesh la honda
Mes sons tournent à la Jonque'
Tu m'as trahi mais t'es un bon gars
J'suis en fumette mais j'me trompe pas

[Couplet 2]
Ça fait deux ans que j'nique le game
T'oses me demander comment j'm'appelle
J'vous demande une chose
Laisez Ju-Ju-Jul tranquille
Car tout va mal dans sa tête
Jamais à court d'idées, ouais jamais à sec
J'vois la Lune s'coucher quand j'cabre sur la A7
J'sais qu'les jaloux m'écoutent en cachette
Et au Bled ça m'écoute même en cassette
[Refrain]
Wesh alors, wesh alors
Wesh alors, wesh alors
Wesh alors
Sors ta beuh, ta plaquette
J'suis dans l'game en claquettes
Dans l'carré VIP en survêt'
Viens pas me prendre la tête

[Couplet 3]
T'as coffré des billets, tu as sorti le R1
Tu tournes en plaque plié, tu vas t'en faire un
T'y es petit comme Mathy Mimie
J'sais pas mais j'crois que ta team m'imite
Ce soir j'suis bleu vers les coups de minuit
J'veux pas t'blesser alors j'dis qu't'es mimi
J'ai pas changé gros, j'ai gardé mes valeurs
Toi que tu m'dis ""à t't à l'heure""
Depuis qu'tu m'dois des loves
On va s'revoir, j'vais te dire...

[Refrain]
Wesh alors, wesh alors
Wesh alors, wesh alors
Wesh alors
Sors ta beuh, ta plaquette
J'suis dans l'game en claquettes
Dans l'carré VIP en survêt'
Viens pas me prendre la tête
Wesh alors, wesh alors
Wesh alors, wesh alors
Wesh alors
Sors ta beuh, ta plaquette
J'suis dans l'game en claquettes
Dans l'carré VIP en survêt'
Viens pas me prendre la tête
[Pont 2]
Alors, wesh alors
Alors, wesh alors

[Couplet 2]
Ça fait deux ans que j'nique le game
T'oses me demander comment j'm'appelle
J'vous demande une chose
Laisez Ju-Ju-Jul tranquille
Car tout va mal dans sa tête
Jamais à court d'idées, ouais jamais à sec
J'vois la Lune s'coucher quand j'cabre sur la A7
J'sais qu'les jaloux m'écoutent en cachette
Et au Bled ça m'écoute même en cassette

[Outro]
Wesh alors, wesh alors
Wesh alors, wesh alors
Wesh alors, wesh alors
Wesh alors2Embed",1651525576,25,"{'plain': 'Véritable tube, le titre comptabilise plus de 43 millions de vues 5 mois à peine après sa sortie.\n\nLe clip a été réalisé par Daylight Productions.'}"
Sors le cross volé,https://genius.com/Jul-sors-le-cross-vole-lyrics,JuL,245338,"Sors le cross volé Lyrics[Paroles de ""Sors le cross volé""]

[Refrain]
Sors le cross volé, cabre même si la roue est voilée
Pétard en billets violets, te déshabille pas, je vais te violer
Sors le cross volé, cabre même si la roue est voilée
Pétard en billets violets, te déshabille pas, je vais te violer

[Couplet 1]
Comme Kalif je suis hardcore, je démarre au quart de tour
Moi c'est Jul, c'est violent, comme voir un quad à Carrefour
Bouge ta tête, c'est le son qui t'emmène
Ok t'as des histoires, ouais mais qui s'en mêle ?
Qui se ramène quand y'a plus de 100 mecs ?
J'connais des vrais, j'connais beaucoup de gens qui se la mettent
Levage en moto, kalash dans l'auto
J'suis plus serein au tieks, les flics prennent en photo
Toujours Anti-État, ça vend la beuh, la locale
Vida loca, scooteur volé dans l'local
T'as trahi tout le monde, fais pas le mec honnête
En plus quand il y a embrouille tu cours à l'allure d'une comète
Que des commères, un doigt au maire
Ils veulent pas nous aider alors niquez vos mères
Le temps passe vite, les petits volent si tôt
Marseille c'est cramé, évasion en hélico
[Refrain]
Sors le cross volé, cabre même si la roue est voilée
Pétard en billets violets, te déshabille pas, je vais te violer
Sors le cross volé, cabre même si la roue est voilée
Pétard en billets violets, te déshabille pas, je vais te violer

[Couplet 2]
Fais pas le Vito, l'honneur c'est vital
Calibre dans la Vuitton, attentat lyrical
Tu vois les schmits, Arah vite taille
Tous les jours en panique comme celui qui ravitaille
J'arrive au stud' sous pollen chargé
Trop ont changé, les MC je vais m'en charger
Qu'est-ce tu m'dirais si demain j'roule en Lambo'
Ça a trop changé maintenant c'est la voiture qui te rend beau
Une bombe je l'embarque, en jogging ou en tarc
Dégaine Paul&Shark, les traîtres faut les charcler
Un frère en taule une mère en plus devant le parloir
Nique les matons, mets mon son dans le haut-parleur
22 geôles au palais, la juge t'a remballé
Faut récupérer le para à celui qui passe le balai
C'est Jul au pilotage les rappeurs je vais les chaler
Je vais les faire cabrer à en faire toucher la bavette

[Refrain]
Sors le cross volé, cabre même si la roue est voilée
Pétard en billets violets, te déshabille pas, je vais te violer
Sors le cross volé, cabre même si la roue est voilée
Pétard en billets violets, te déshabille pas, je vais te violer
[Couplet 3]
Fais pas le gros, tu vois pas, tu fais la guerre seul
Demande à Simo, on troue le corps à la perceuse
Peur de personne, on parle de Dieu je frissonne
Je peux savoir qui m'a trahi mais pas quand mon heure sonne
La volaille circule à pieds, les vendeurs sont mis sous trêve
Arrête de dire tu vas à la source on sait tous que tu sous-traites
Moi j'rappe sous pét', j'te fais la soufflette
Sors l'encodeuse, prends le cash à Phuket
Fais gaffe si tu guettes, ils te pètent si tu gueules
T'aimes pas mon rap mais ta mère danse sur mon single
1.3.5 c'est ma zone, Font-Vert : la jungle
Trouve un appart' fais pousser la Purple
Tu vas faire un tête, pourquoi tu mets ton pare-balle ?
Les petits s'en foutent de l’école, ils mettent du shit dans le cartable
Liga One c'est la base, mets-toi devant on cartonne
On vient tout piller comme le cambu au Carlton
Haut les mains, j'arrive c'est chaud les mans
J'ai vu des filles en chien péter des Naiman
Je sais même plus si j'ai mal, tu vois l'schéma
Je connais ma ville par cœur, Marseille c'est chez moi
Pas de shit, pas de blonde, ça met le chameau
Chez moi c'est wesh le couz qu'est-ce tu fais rhamo ?
Dans la malle le 16 coups, ça braque en 5 secondes
Mets les sacs à l'arrière et vas-y let's go
Fais pas le Rambo, tu prends la testo'
N'espère pas mourir tard si tu prends la cess' tôt
Y'a trop de pauvres, très peu d'riches
Il est fou ce monde, demande à Bouriche
Tous bourrés, on voit en Blu-Ray
Y'a tarpin de gadjis mais c'est la même qu'on veut fourrer
[Refrain]
Sors le cross volé, cabre même si la roue est voilée
Pétard en billets violets, te déshabille pas, je vais te violer
Sors le cross volé, cabre même si la roue est voilée
Pétard en billets violets, te déshabille pas, je vais te violer

[Outro]
J'vais te violer, j'vais te violer
J'vais te violer, te déshabille pas, j'vais te violer
J'vais te violer, j'vais te violer
J'vais te violer, te déshabille pas, j'vais te violer27Embed",1656651246,50,"{'plain': ""Premier extrait de l'album de Jul Dans ma paranoïa disponible depuis le 24 février 2014.\n\nCe single a été diffusé pour la première fois lors d'un freestyle.\nhttps://www.youtube.com/watch?v=C-4CWdC6Y6Y""}"
Lova,https://genius.com/Jul-lova-lyrics,JuL,2382490,"Lova Lyrics[Paroles de ""Lova""]

[Intro]
Sur cette jolie dame, oh j'ai flashé

[Couplet 1]
Oh j’ai flashé sur cette jolie dame
J’la vois danser, je sens mon cœur qui crame
Je sens mon corps qui tremble
En fumette de la veille j’ai le regard qui tombe
Ta bouche me tente, ton boule trop tanké
Faut qu’j’me détende alors s’teuplait détends-toi
J’ai le blues de toi, j’suis perdu quand t’es pas là
Viens avec moi ce soir, je recoudrai tes balafres
Hola señora, c’est toi qui m’aura
Faut qu’tu saches que dans ma tête c’est la Gomorra
Hola señora, c’est toi qui m’aura
Faut qu’tu saches que dans ma tête c’est la Gomorra
[Pré-refrain]
Je sais pas si j't'aime, je sais pas c'que je veux
Mon cœur ne sait plus mais bon c'est ça le jeu
Tout c'que tu penses je le vois dans tes yeux
J'suis choqué, j'suis choqué, j'suis choqué
Je sais pas si j't'aime, je sais pas c'que je veux
Mon cœur ne sait plus mais bon c'est ça le jeu
Tout c'que tu penses je le vois dans tes yeux
J'suis choqué, j'suis choqué, j'suis choqué

[Refrain]
Histoire de lova, histoire de lova
Histoire de lova, histoire de lova
Histoire de lova, histoire de lova
Histoire de lova, histoire de lova

[Couplet 2]
Tu m’coupes le souffle, pour moi t’es canon
J’te regarde mais toi non
Tu m’vois pas quand je souffre
Dis-moi si j’t’ai saoulé, dis-moi si j’te plais pas
Et oui moi j’te voulais, mais toi je ne sais pas
Dis-moi si j’ai coulé, dis-moi si ça l’fait pas
Si tu finis dans mes bras, jamais on se sépare
Désolé je ne voulais pas te saouler
Te prendre la tête comme ça
Oui mais je ne pouvais pas
Ne pas te dire et rester comme ça
Oh non ma baby, faut qu’tu viennes m’aider
T’es la seule qui m’a fait oublier qui j’étais
Oh je te vois mais toi tu n’me vois pas
Oh je t’entends mais toi tu n’m’entends pas
Faisons quelqu’chose ensemble
Et puis on dit tant pis si on n’s’entend pas
[Pré-refrain]
Je sais pas si j't'aime, je sais pas c'que je veux
Mon cœur ne sait plus mais bon c'est ça le jeu
Tout c'que tu penses je le vois dans tes yeux
J'suis choqué, j'suis choqué, j'suis choqué
Je sais pas si j't'aime, je sais pas c'que je veux
Mon cœur ne sait plus mais bon c'est ça le jeu
Tout c'que tu penses je le vois dans tes yeux
J'suis choqué, j'suis choqué, j'suis choqué

[Refrain]
Histoire de lova, histoire de lova
Histoire de lova, histoire de lova
Histoire de lova, histoire de lova
Histoire de lova, histoire de lova

[Pré-refrain]
Je sais pas si j't'aime, je sais pas c'que je veux
Mon cœur ne sait plus mais bon c'est ça le jeu
Tout c'que tu penses je le vois dans tes yeux
J'suis choqué, j'suis choqué, j'suis choqué
Je sais pas si j't'aime, je sais pas c'que je veux
Mon cœur ne sait plus mais bon c'est ça le jeu
Tout c'que tu penses je le vois dans tes yeux
J'suis choqué, j'suis choqué, j'suis choqué
[Refrain]
Histoire de lova, histoire de lova
Histoire de lova, histoire de lova
Histoire de lova, histoire de lova
Histoire de lova, histoire de lova
Viens dans my world2Embed",1655979009,8,"{'plain': ""Un titre de Jul dans un registre un peu moins joyeux et plus “love” que les autres titres de l'album ; le clip, qui est sorti le 11 Décembre 2015, a été réalisé par Tristan & Screetch de la société Daylight Productions.\n\nL'hélicoptère utilisé dans ce clip appartient à la société Cannoise spécialisée Azur Helicoptère.""}"
Comme d’hab,https://genius.com/Jul-comme-dhab-lyrics,JuL,2382450,"Comme d’hab Lyrics[Paroles de ""Comme d'hab"" ft. Alonzo]

[Pré-refrain : JuL]
Ils sont pleins d'manies, j'voyais personne quand y'avait nada
Rien à foutre d'eux tant que la rue m'valide, te chauffe pas, on s'en fout d'ta madame, les contraires s'attirent
Ils sont pleins d'manies, j'voyais personne quand y'avait nada
Rien à foutre d'eux tant que la rue m'valide, te chauffe pas, on s'en fout d'ta madame, les contraires s'attirent

[Couplet 1 : Alonzo]
Pas d'amis, que des frères, pas de putes, que des hommes
Sur la chair de ma chair, j’vous encule, j’en rigole
A.M.G, en BG, j’ai la folle, j’ai l’alcool
À Marseille, tu commences : tu guettes, puis tu fais rentrer des tonnes
En train d’cramer, j’embrasse tous mes vaillants qui sont en taule
Y’a la vie, y’a la mort, y’a des gens biens, y’a du shour
Désolé Mama, dans ma tête c’est l’désordre
Sur du Alonzo Jul, le quartier caillasse les forces de l’ordre
[Pré-refrain : JuL]
Ils sont pleins d'manies, j'voyais personne quand y'avait nada
Rien à foutre d'eux tant que la rue m'valide, te chauffe pas, on s'en fout d'ta madame, les contraires s'attirent

[Refrain : Alonzo]
En i le Honda, fais le comme d’hab'
Rapta dans l’appart’, on a fini comme d’hab'
Fais-le, fais-le, fais-le, fais-le, fais-le, fais-le
Fais-le, fais-le, fais-le, fais-le, fais-le, fais-le

[Couplet  2 : JuL]
J’me la fais comme d’hab’, j’fume le mic’, survêt de foot, je fais jamais l’mac
Quand j’sors les petits reviennent d'la gratte, partagent les sous, l'or et coupent la plaque
Comme d’hab’ y’a des fous sur l’terrain, viens dans mon monde sur ma vie c’est pas tes rêves
C’est pas terrible, trop font les Mesrine, que des farines au guidon du R1
J’vis à fond ma vie, et j’me cache pour pleurer
J’en dors plus la nuit, trop m’ont écœuré

[Pont : JuL]
Comme d’hab’ quelqu’chose à dire, dis-le
Il t’reste un stick gros, fais-le
Devant ma team oh galope, slalome, salope
Tu parles trop tu vas t’prendre une calote
Le RR 1000, lève-le
Il parle mal c’fils de, crève-le, fais-le
[Pont : Alonzo]
Comme d’hab' quelqu'chose à dire, dis-le
Il t’reste un stick gros, fais-le
Devant ma team oh galope, slalome, salope
Tu parles trop tu vas t’prendre une calote
Le RR 1000, lève-le
Il parle mal c’fils de, crève-le, fais-le

[Pré-refrain : JuL]
Ils sont pleins d'manies, j'voyais personne quand y'avait nada
Rien à foutre d'eux tant que la rue m'valide, te chauffe pas, on s'en fout d'ta madame, les contraires s'attirent

[Refrain : Alonzo]
En i le Honda, fais le comme d’hab’
Rapta dans l’appart’, on a fini comme d’hab’
Fais-le, fais-le, fais-le (Fais-le, fais-le, fais-le), fais-le, fais-le, fais-le (Fais-le, fais-le, fais-le)
Fais-le, fais-le, fais-le (Fais-le, fais-le, fais-le), fais-le, fais-le, fais-le

[Pré-refrain : Jul]
Ils sont pleins d'manies, j'voyais personne quand y'avait nada
Rien à foutre d'eux tant que la rue m'valide, te chauffe pas, on s'en fout d'ta madame, les contraires s'attirent

[Refrain : Alonzo]
En i le Honda, fais le comme d'hab'
Rapta dans l’appart', on a fini comme d'hab'
Fais-le, fais-le, fais-le (Fais-le, fais-le, fais-le), fais-le, fais-le, fais-le (Fais-le, fais-le, fais-le)
Fais-le, fais-le, fais-le (Fais-le, fais-le, fais-le), fais-le, fais-le, fais-le5Embed",1643223552,23,"{'plain': ""Il s'agit la deuxième collaboration entre Jul et Alonzo après “Normal” sortie sur la mixtape “Capo Dei Capi (Vol. 1)”.\nhttps://www.youtube.com/watch?v=VOZLhBYwCuk\n\nLa prod utilise un sample du morceau “Billie Jean” de Michael Jackson.\nhttps://www.youtube.com/watch?v=Zi_XLOBDo_Y""}"
Dans mon dél,https://genius.com/Jul-dans-mon-del-lyrics,JuL,266803,"Dans mon dél Lyrics[Paroles de ""Dans mon dél""]

[Couplet unique]
Regarde comment on déboule, taser collé aux boules
T'as reconnu ? Sous la cagoule c'est Jul
Mets pas trop le feu, ça sent le poulet
Le ciel est bleu mais je sors cagoulé
Et j'nique ta daronne dans la foulée
Vous êtes tous des gays refoulés
Au tieks ça sent la crise quand même
Les flics te fouillent, te disent ""le con d'ta mère !""
Mais pourquoi je suis pas sur une Honda merde
Rien à faire et on s'enfume à l'herbe
Arrête de dire ""non"" tout le monde t'a reconnu
Putain t'étais pas comme ça quand je t'ai connu
En ce moment j'vois le buzz mais j'essaie de garder ma tête
Tu m'parles de gros Brinks, tu fais que des papet'
Tu m'parles de Vuitton t'es encore en Fila
Pour moi tu restes à l'ancienne comme le mot filade
Tu laisses les cheveux longs genre la mode italienne
En bas de chez toi t'as garé le Cayenne
J'avais pas compris pourquoi t'avais taillé
Casque intégral, tu t'es dit : ""ça y est""
Sois pas stressé, j'ai vu ta mère 't à l'heure
T'inquiète, le paquetage je te l'envoie à l'heure
Y'en a qu'une que j'aime fort, c'est mama
Tu crois que t'es le plus fort ? Mama !
Et j'savais qu'j'allais t'sauver
Désolé mais au bitume j'suis collé
On est pas des voyous, ni des toxicos
Gros mytho, où il est ton hélico ?
Tête de Corsico, j'traîne avec Bico
J'vais taxer la France comme l'a fait Nico
Du shit ça veut emballer, parler
Faites péter nous on s'en bat les
Buvette, fumette, un plan on arrive en survet'
Soufflette on est là pour ton cul pourquoi tu rouspètes
Putain, je me lève, je sors, il y a dégun
Prada, survet' : Mama la dégaine
J'suis tranquille, j'suis cool mais faut pas m'berner
T'écoutais mes chants, mais j'peux pas t'cerner
Ça coule le sang faut les interner
Fermez vos gueules, j'arrive cerné au stud', les yeux presque fermés
C'est pas mon dernier son
Alors le sang c'est quand ta permission
Tu grandis, t'oublies, tu vis, tu perds tes 'soces
Suffit d'un coup gros pour faire des gosses
Suffit de faire le fou pour se prendre un coup d'crosse
J'ai pas la carrure de Lil Wayne ni la chaîne à Rick Ross
Au stud' à Fontfont j'suis calé
Sur les schmits ça jette des galets
Ça sert à rien de parler, parler
Jette moi là mais je vais te châler
Fais tes bails mais faut pas chialer
Quand t'y allais pas moi j'y allais !
Ça met la sienne sur l'jarret
Avant le braquo ça fait la boule à Z comme Jallet
G.A.V, la honte au Palais
Tu vas rentrer la puce au palet
Que tu rentres mais tu fais rien tapette
Fume, ""LaCrizeOMic"" gravé sur la plaquette
Je veux pas finir au chantier, taffer dans le placo
J'ai entendu que les civils ils veulent ta peau
J'ai branché des femmes, j'ai mangé des râteaux
En boîte j'voulais rentrer avec mes Sebago
Je suis pas trop bord de mer, caviar et pago
Vodka, herbe, on détourne ta gow
J'ai branché des femmes, j'ai mangé des râteaux
En boîte j'voulais rentrer avec mes Sebago
J'suis pas trop bord de mer, caviar et pago
Vodka, herbe, on détourne ta gow
Cheveux jusqu'au cul, je suis obligé de linxer
Je regarde ta femme, man, faut pas te vexer
Dents pourries, belle, sourire
J'aimerais passer partout comme une petite souris
[Outro]
J'aimerais passer partout
J'aimerais passer partout
J'aimerais passer partout23Embed",1657900432,26,{'plain': '?'}
Tout seul,https://genius.com/Jul-tout-seul-lyrics,JuL,362613,"Tout seul Lyrics[Paroles de ""Tout seul""]

[Couplet unique]
Je me suis fait tout seul
J'ai compté sur les gens, j'ai fini tout seul
Plus de bonjour, plus de nouvelles
Amitié gâchée, jetée à la poubelle
Je suis de Marseille, ma vie n'est pas plus belle
Je suis du quartier, je te prie de t'écarter
Avenir flou, je me suis fait tout seul
Comme ceux qui partaient voler ou carter
Voler, écarter, posé à la police
Voiture pétée repeinte au polish
C'est LaCrizeOMicMek
Nique les gyros c'est la Police
Nique les gyros c'est la Police
J'ai les mêmes cheveux que Broly
Je me suis fais seul je suis dans ma folie
Je suis fier je m'entends dans tous les bolides
Jul c'est solide, qui t'as dit que tout est fini
Autour de moi, y a pas de putes, j'les vois qu'à Sakakini
J'parle pas de Lamborghini, j'parle pas de son bikini
Oublie-la oui tout est fini, oublie-le c'est pas ton ami
Oublie-le c'est pas ton ami, il fait trop de manies
Que de la mythomanie, c'est du Tony et Manny
Pas d'héro, pas d'machin, pas d'cachet pour les frères forts au cachot
Cachés par les murs qu'une envie, la juge : la schlasser
Vas-y passe moi le mic', que j'innove sous bonne beuh
Gros fais pas le James Bond ton job c'est de gratter des blondes
Fais pas la star en boîte de nuit, au tieks chez moi j'fais pas l'Tony
J'ai pas pris la grosse tête, tu m'as bien vu look at me
Tu veux le Golf Sport mais tu es fou tu braques Spar
Tu fais le mec t'sais mais c'est faux tu brasses pas
Fais ton rap me les casse pas, tes potos ne les casse pas
J'branche une miss, j'prends son num', tu dis même pas quel âge t'as
Ne fais pas trop dans le vice, regarde comme a fini Mel
Laisse pas traîner ton fils ça peut devenir un criminel33Embed",1641642015,9,{'plain': '?'}
En Y,https://genius.com/Jul-en-y-lyrics,JuL,2339456,"En Y Lyrics[Paroles de ""En Y""]

[Intro]
KX en Y, T-Max en Y
P'tit Stunt en Y, Runner en Y
KX en Y, T-Max en Y
P'tit Stunt en Y, Runner en Y

[Couplet 1]
Y’a que des fils de pute qui tournent dans l'secteur
Patrouille ninj en TDM, la clique à l’inspecteur
Y’a c'qu’il faut dans l’appart’, y’a d’quoi leur faire peur
Y’a c'qu’il faut dans l’appart’, y’a d’quoi leur faire peur
T’es costaud mais à quoi ça sert ? Y’a les petits du tieks qui branchent ta sœur
Tu t’mêles dans des affaires, tu t’prends pour un braqueur
Un jour tu traînes avec des voleurs, un jour tu traînes avec des casseurs
Un jour un mec te propose des sous, pour t’armer sur un Fazer (Fils de...)
Y’en a qui savent se taire, y’en a qui fument du shit et d’autres de l’herbe
Pousse-toi d’là si j’accélère, j'suis trop pressé, j’te monte en l’air
Un gros doigt pour tous ces mêleurs, un MC, j'décapote, il m’faut de l'air
J’vois qu’ça zone dans les quartiers, ces fils de pute ils me mettent l’œil
[Refrain]
Petit pas de danse, ouais l’rap j’suis dedans
J’dédicace ceux dans la merde qui braquent en deux temps
Petit pas de danse, ouais l’rap j’suis dedans
J’dédicace ceux dans la merde qui braquent en deux temps

[Couplet 2]
Dehors tout le monde va t’assurer, dedans dégun va t’assumer
Poto on t’a cramé, tu t’en mets dans le nez
Tu vois ton frérot à pattes, tu veux pas l’amener
J’fumais la patate du Rif pendant qu’tu grattais des sticks
On m'a dit qu’t’as coulé, qu'tu sympathisais avec les shmits
Routine c’est devenu banal, gros pétou devant les banales
J’rentre chez moi j’suis en fumette, j’bois d'l'Oasis fraise-banane
J'ouvre ma vitre sur le Jarret, j’croise des fans qui prennent des photos
Prends pas trop la confiance, j'suis gentil mais t'es pas mon poto
Sur Ali elle est tempête bonne, mais à la base c'est une chamelle
Et voilà elle t’a mis dedans, maintenant elle veut son sac Chanel
J’me mets bleu sous rosé, ma tête tourne elle va exploser
Ça fait treize ans qu’je rappe, j’ai encore faim de poser
J'reste au tieks j'fais les cent pas alors qu'j'suis à deux doigts d'être millionnaire

[Refrain]
Petit pas de danse, ouais l’rap j’suis dedans
J’dédicace ceux dans la merde qui braquent en deux temps
Petit pas de danse, ouais l’rap j’suis dedans
J’dédicace ceux dans la merde qui braquent en deux temps
[Couplet 3]
Des fois j'suis sur les nerfs alors j'fais l'mac avec les banales
Et quand j'passe à la Siou, j'fais cracher l'moteur du Pana'
Trop d'embrouilles, que ça passe du coq à l'âne
Dehors c'est pas dedans, donc mon petit vas-y range ta lame
T-Max en y, oh le con il craint
J’sais pas comment il va faire pour esquiver la 308 Break
Tu veux m’test ? Pas touche ma team, grâce à elle j’suis fait d’or et de platine
C’est l’été j’sors le gamos et j’m’envoie les mèches blondes platine

[Refrain]
Petit pas de danse, ouais l’rap j’suis dedans
J’dédicace ceux dans la merde qui braquent en deux temps
Petit pas de danse, ouais l’rap j’suis dedans
J’dédicace ceux dans la merde qui braquent en deux temps

[Outro]
En Y, en Y
En Y, en Y
En Y, en Y
En Y, en Y
KX en Y, T-Max en Y
P'tit Stunt en Y, Runner en Y
KX en Y, T-Max en Y
P'tit Stunt en Y, Runner en Y
En Y, en-en Y
En Y, en-en Y
En Y, en Y7Embed",1643223614,39,"{'plain': ""Quatrième extrait de l'album My World de Jul ; sorti sur le nouveau label de l'artiste, intitulé D'Or et de Platine.""}"
Toto et Ninetta,https://genius.com/Jul-toto-et-ninetta-lyrics,JuL,3783923,"Toto et Ninetta Lyrics[Pont 1]
Même le matin j'pense à toi
Et quand je m'endors je rêve de toi
Bébé tu es tout pour moi
Bébé tu es faite pour moi

[Refrain]
Même le matin elle pense à toi
Et la nuit, elle rêve de toi
Tu vois pas, elle est folle de toi
Elle t'aime vraiment, elle est faite pour toi
Même le matin elle pense à toi
Et la nuit, elle rêve de toi
Tu vois pas, elle est folle de toi
Elle t'aime vraiment, elle est faite pour toi
[Couplet 1]
Chaque jour qui passe elle pense a toi
Toi à cause des problèmes des fois tu l'oublies
Elle t'a dit ce qu'elle pensait donc voilà quoi
Grandis un peu, on dirait t'as pas mûrit
Toujours ensemble malgré les embrouilles, Toto et Ninetta
Elle t'aime avec ou sans tes magouilles, Toto et Ninetta
A sa mère, à ses copine, elle parle de toi
Donc beh là poto faut pas qu'tu la déçois
Elle te câline quand tu dormais
Elle voit que par toi, elle veut vieillir avec toi
Elle a plein d'traces et d'probèmes

[Pont 2]
Elle pense à toi (ouais, ouais, ouais, ouais)
Elle rêve de toi (ouais, ouais, ouais, ouais)
Elle est folle de toi (ouais, ouais, ouais, ouais)
Elle est faite pour toi (ouais, ouais, ouais, ouais)

[Refrain]
Même le matin elle pense à toi
Et la nuit, elle rêve de toi
Tu vois pas, elle est folle de toi
Elle t'aime vraiment, elle est faite pour toi
Même le matin elle pense à toi
Et la nuit, elle rêve de toi
Tu vois pas, elle est folle de toi
Elle t'aime vraiment, elle est faite pour toi
[Couplet 2]
Elle fait tout le temps sa jalouse
Tout le temps elle te boude
Elle veut te pousser à bout
Elle t'appelle ""mon amour""
Elle veut son bisou sûr la bouche
Elle pensait tout le temps a vous
Elle t'a touché, tu vois plus tes gars
Chaque fois qu'tu bouges, elle demande où tu vas
Oh oui qu'elle t'aime, ne t'en fait pas
Où tu iras elle ira, elle fera c'que tu voudras

[Pont 2]
Elle pense à toi (ouais, ouais, ouais, ouais)
Elle rêve de toi (ouais, ouais, ouais, ouais)
Elle est folle de toi (ouais, ouais, ouais, ouais)
Elle est faite pour toi (ouais, ouais, ouais, ouais)

[Refrain]
Même le matin elle pense à toi
Et la nuit, elle rêve de toi
Tu vois pas, elle est folle de toi
Elle t'aime vraiment, elle est faite pour toi
Même le matin elle pense à toi
Et la nuit, elle rêve de toi
Tu vois pas, elle est folle de toi
Elle t'aime vraiment, elle est faite pour toi
[Pont 3]
Toto et Ninetta, Toto et Ninetta, ensemble à vie
Toto et Ninetta, Toto et Ninetta, ensemble à vie
Toto et Ninetta, Toto et Ninetta, ensemble à vie
Toto et Ninetta, Toto et Ninetta, ensemble à vie
Toto et Ninetta, Toto et Ninetta, ensemble à vie
Toto et Ninetta, Toto et Ninetta, ensemble à vie
Toto et Ninetta, Toto et Ninetta, ensemble à vie
Toto et Ninetta, Toto et Ninetta, ensemble à vie

[Pont 1]
Même le matin je pense a toi
Et quand je m'endors je rêve de toi
Bébé tu es tout pour moi
Bébé tu es faite pour moi

[Refrain]
Même le matin elle pense à toi
Et la nuit, elle rêve de toi
Tu vois pas, elle est folle de toi
Elle t'aime vraiment, elle est faite pour toi

[Pont 3]
Toto et Ninetta, Toto et Ninetta, ensemble à vie
Toto et Ninetta, Toto et Ninetta, ensemble à vie
Toto et Ninetta, Toto et Ninetta, ensemble à vie
Toto et Ninetta, Toto et Ninetta, ensemble à vieEmbed",1639613979,3,"{'plain': ""Ce son fait référence au couple Toto Riina et Ninetta Bagarella. Le morceau raconte une histoire d'amour dans laquelle les protagonistes n'existent pas l'un sans l'autre.""}"
Au quartier,https://genius.com/Jul-au-quartier-lyrics,JuL,227915,"Au quartier Lyrics[Couplet unique]
Au quartier y'a d'la vente d'armes, les petits jouent les Van Damme
Soulevés par les gendarmes, dur de vie moi j'en parle
Tu le sais que j'en bave, que j'ai quitté les études
Fais gaffe car les gens bavent
Et sais-tu que les putes s'éduquent
M'emboucane pas c'est du com' et toi j'ai trop vu que
Tu me prends pour un trou du cul
Et j'ai entendu que tu t'prenais pour Hulk, mais qu'tu t'prenais des nuques !
À ce qu'il parait tu vis mal, tu tires mais tu vises mal
Tu connais la devise : si t'y as trahi m'fais plus la bise man
Mettez pas mes pensées à l'écart, je vis, je vois, je viens d'en bas
Tout comme toi j'ai pas le droit, vous voulez quoi ?
Qu'on s'rassemble ou qu'on s'dessoude
J'y repense quand je dessaoule, plus le temps je veux des sous !
Là j'suis sous tise, miss cache tes barrettes sous le soutifs
Anti-Pouki, couteau ou batte s'tu m'fais le Rocky
Ok man, je viens vous choquer là
Fais pas le propre, tu lèches des chattes à la Jonquera !
Viens pas nous pomper là
Je suis anti-BDH du genre tu pompes l'autre
Les filles bien j'adore ça, j'me les garderais perso
Toi tu cherches les sales celles qui donnent leur derche
Perché, j'pense aux frères qui s’abîment en cellule
La routine ? Ah qu'c'est nul, ah qu'c'est mort et assimile
J'ai le buzz, j'le fête pas, j'ai mon cœur, j'le prête pas
J'ai d'l'argent, j'claque tout quand ça part ça revient pas
J'm'alcoolise sous Smirnoff ou sous Vodka-Redbull
Ton poto il veut une to-ph mais il rend fou, il s'arrête plus
Tu m'écoutes pas quand j'parle après tu t'plains quand je t'esquive
Viens m'revoir quand j'suis à jeûn car j'te respecte et j't'estime
C'est dur d'écrire un texte mais j'suis trop à l’affût mec
C'est dur de faire tourner un pet' quand t'es pas en fumette
1.3.5 La Puenta, crie ""arah"" d'la fenêtre
Au quartier y'a d'la vente d'armes
[Outro]
Pour tous les frères en maison d’arrêt, j'les dédicacerai et ça sans arrêt
1.3.5, Saint-Jean La Puenta, là c'est d'Jul
Ghetto Phénomène, phénomène du ghetto18Embed",1644223221,22,{'plain': ''}
Amnésia,https://genius.com/Jul-amnesia-lyrics,JuL,2382468,"Amnésia Lyrics[Paroles de ""Amnésia""]

[Refrain]
J'fume la beuh, j'suis à l'Ouest
J'fume la beuh, j'suis à l'Ouest
J'fume la beuh, j'suis à l'Ouest
J'fume la beuh, j'suis à l'Ouest

[Couplet 1]
Et j'fume ma kush, goût à la fraise
Dans ma tête ça tourne
Comme si j'étais au bord d'une falaise
Et j'fume ma kush, avec une miss fraîche
Elle m'rend tellement dingue
Qu'j'arrive plus à passer les vitesses
C'est une déesse, lève tes fesses
Ma maîtresse, en détresse
[Refrain]
Amnésia, j'te fume quand je stresse
Y'a pas d'malaise, coup d'batte si t'es balaise
J'fume la beuh, j'suis à l'Ouest
J'fume la beuh, j'suis à l'Ouest
J'fume la beuh, j'suis à l'Ouest
J'fume la beuh, j'suis à l'Ouest

[Couplet 2]
J’fume la White Widow
Trop d’embrouilles donc j’tire l’rideau
Personne peut comprendre
À part mes amis et mes rivaux
J’fume ma Critical, pendant qu’toi tu m’critiques
Petit Oasis Tropical, moi je fume, c’est médical
Braquage musical, pour moi l’rap c’est vital
Oui j’fume la beuh, couleur Carte Vitale

[Refrain]
Amnésia, j'te fume quand je stresse
Y'a pas d'malaise, coup d'batte si t'es balaise
J'fume la beuh, j'suis à l'Ouest
J'fume la beuh, j'suis à l'Ouest
J'fume la beuh, j'suis à l'Ouest
J'fume la beuh, j'suis à l'Ouest
[Pont]
Amnésia, j'te fume quand je stresse
Y'a pas d'malaise, coup d'batte si t'es balaise
Amnésia, j'te fume quand je stresse
Y'a pas d'malaise, coup d'batte si t'es balaise

[Refrain]
Amnésia, j'te fume quand je stresse
Y'a pas d'malaise, coup d'batte si t'es balaise
J'fume la beuh, j'suis à l'Ouest
J'fume la beuh, j'suis à l'Ouest
J'fume la beuh, j'suis à l'Ouest
J'fume la beuh, j'suis à l'Ouest9Embed",1643223198,12,"{'plain': ""Ce son est très axé sur la drogue (en particulier le cannabis). D'où le titre “Amnesia” qui est une variété d'herbe de cannabis.""}"
Mon bijou,https://genius.com/Jul-mon-bijou-lyrics,JuL,2562052,"Mon bijou Lyrics[Paroles de ""Mon bijou""]

[Couplet 1]
Oh dis-moi tout
Y'a des bruits qui courent
Y'a des têtes qui tournent
Faut qu'j'te dise tout
Il est magique ton boule
Viens on va faire un tour
Avant que j'perde le nord
Oh mon bijou, oui
Viens m'faire un bisou, je serre
Dis moi à quoi tu joue, voilà
Tu vas m'rendre fou
J'veux qu'on s'lâche plus
Quand tu m'serres dans tes bras
J'te veux présente dans les hauts et les bas
J'y crois
[Refrain]
T'es mon bijou
J'suis fou d'toi, je veux mon bisou
Oh mon bijou-ou-ou
Oh mon bijou-ou-ou

[Couplet 2]
J'te veux à vie, t'es à moi
Tu peux me laisser t'as l'choix
J'suis content ça s'voit
Quand j'entends ta voix
J't'aime bien habillée ou en pyjama
Coiffée ou avec les pinces
Des fois t'sais pas où t'as mal
Suffit d'un sourire pour faire une étincelle
Y'a ce gros boule dans la cuisine
J'suis sous résine j'hallucine
Tous les jours mes yeux te dessinent
J'pense à toi quand j'suis dans ma piscine
Y'a ce gros boule dans la cuisine
J'suis sous résine j'hallucine
Tous les jours mes yeux te dessinent
J'pense à toi quand j'suis dans ma piscine

[Refrain]
T'es mon bijou
J'suis fou d'toi, je veux mon bisou
Oh mon bijou-ou-ou
Oh mon bijou-ou-ou
[Pont]
T'es mon bijou
J'suis fou d'toi, je veux mon bisou
Oh mon bijou-ou-ou
Oh mon bijou-ou-ou
T'es mon bijou

[Refrain]
T'es mon bijou
J'suis fou d'toi, je veux mon bisou
Oh mon bijou-ou-ou
Oh mon bijou-ou-ou
T'es mon bijou
J'suis fou d'toi, je veux mon bisou
Oh mon bijou-ou-ou
Oh mon bijou-ou-ou2Embed",1653747453,3,"{'plain': ""LE SON\n\n“Mon Bijou”est la septième piste de l'album “Emotions” sorti le 24 Juin 2016. Il a été un des plus gros gros sons de l'été 2016.\nJul parle tout au long de ce morceau d'une fille dont il est épris.\n\n\nLE CLIP\n\nLe clip officiel de “Mon bijou” est sorti le 15 Juillet 2016 sur Youtube.\n\n\n\n\nhttps://www.youtube.com/watch?v=3qvlVaI4RwI""}"
Mon amour,https://genius.com/Jul-mon-amour-lyrics,JuL,2453435,"Mon amour Lyrics[Couplet 1]
Elle me dit qu’c’est ma lady, mais elle sait c’que j’pense d’elle
J’crois qu’j’suis dans l’love mon ami
J’la voulais pour toute ma vie, elle ressentait mes douleurs
On va pas ensemble à mon avis
Me passer d’toi j’ai pas appris, tu m’en fais voir d’toutes les couleurs
Mi amor, pour la vie
Et si des fois j’ai mal agi, j’faisais d’toi mon bonheur
Tu m’plais trop, y’a pas d’magie

[Refrain]
Je pense à toi, pour moi t’es toute ma vie
Je veux que toi, c’est pire que d’la magie
Je pense à toi, mon amour
Je veux que toi, oui je te l’avoue
[Couplet 2]
Bien le déhanché, et ce regard qui m’met K.O
Elle est toute timide, mais elle me plait avec ses talons
Si un jour tout va mal, bah j’te dirai “vas-y, parlons”
J’suis pas trop là, désolé, j’m’occupe de mes frères au ballon
J’me demande pourquoi, pourquoi, pourquoi
C’que j’ferais pas pour toi, pour toi, pour toi, pour toi

[Pont]
Elle devient loca, j’rigole
J’ai mis du Jack Miel dans l’Coca, allez-llez
J’l’amène au restau à l’occas’, elle me plaît
Faut pas qu’je fasse un faux pas, allez-llez

[Refrain]
Je pense à toi, pour moi t’es toute ma vie
Je veux que toi, c’est pire que d’la magie
Je pense à toi, mon amour
Je veux que toi, oui je te l’avoue
Je pense à toi, pour moi t’es toute ma vie
Je veux que toi, c’est pire que d’la magie
Je pense à toi, mon amour
Je veux que toi, oui je te l’avoue

[Pont]
Elle devient loca, j’rigole
J’ai mis du Jack Miel dans l’Coca, allez-llez
J’l’amène au restau à l’occas’, elle me plaît
Faut pas qu’je fasse un faux pas, allez-llez
Elle devient loca, j’rigole
J’ai mis du Jack Miel dans l’Coca, allez-llez
J’l’amène au restau à l’occas’, elle me plaît
Faut pas qu’je fasse un faux pas, allez-llez
[Outro]
Pour moi t’es toute ma vie
C’est pire que d’la magie
Mon amour
Oui je te l’avoue
Je pense à toi
J’te veux que toi, c’est pire que d’la magie
Je pense à toi
J’te veux que toi, oui je te l’avoue1Embed",1628895270,2,"{'plain': ""Il s'agit d'un morceau de Jul qui était supposé sortir sur l'album Emotions, le 24 Juin 2016, mais ne l'est finalement pas. Le morceau a fuité avant la sortie de l'album, Jul l'a posté sur YouTube le 7 septembre 2016""}"
Ma jolie,https://genius.com/Jul-ma-jolie-lyrics,JuL,3110132,"Ma jolie Lyrics[Paroles de ""Ma jolie""]

[Intro]
Ma jo-jo, ma jolie
Ma jolie, ma jolie
Ma jo-jo, ma jolie
Ma jolie, ma jolie
Ma jo-jo, ma jolie
Ma jolie, ma jolie

[Refrain]
Ma jolie, dis-moi qu'tu m'aimes à la folie
Les yeux d'Angelina Jolie, mental Sandra Paoli
Ma jolie, dis-moi qu'tu m'aimes à la folie
Les yeux d'Angelina Jolie, mental Sandra Paoli
[Couplet 1]
Ma jolie elle rend fou les hommes, quand elle passe dans la zone
J'ai encore sa voix qui résonne, qu'est-ce qu'elle est belle ma jolie !
À personne elle ressemble, en plus j'aime bien son caractère
J'ai des sentiments il me semble, mais j'y dit pas je suis trop ter-ter
Je l'aime bien cette girl, je crois bien que c'est mon coup d'cœur
Elle s'plaint que j'reste au secteur, pour moi elle a peur
Franchement t'es jolie, et ce boule qui met dans l'insomnie
J'pense souvent à toi quand j'm'ennuie
Et toi t'es comment sans moi?
J'vois qu'tu m'parles plus, dis-moi qu'est-ce qui s'passe là ?
Qu'est-ce qui t'as déplu ? Qu'est-ce que tu veux qu'j'y fasse moi ?
Quand j'la calcule pas elle fait pareil, ma jolie elle attend qu'je serre
Ma jolie...

[Refrain]
Ma jolie, dis-moi qu'tu m'aimes à la folie
Les yeux d'Angelina Jolie, mental Sandra Paoli
Ma jolie, dis-moi qu'tu m'aimes à la folie
Les yeux d'Angelina Jolie, mental Sandra Paoli

[Pont]
Ma jolie, ma jolie, ma jolie, ma jolie
Ma jolie, ma jolie, ma jolie, ma jolie
Ma jolie, ma jolie, ma jolie, ma jolie
[Couplet 2]
Ma jolie elle fait des dégâts
Elle m'aime fort elle s'en fout des gars
Elle m'fait sourire à chaque fois qu'elle m'voit souffrir
Quand elle m'fait la tête j'vois mon cœur s'ouvrir
On s'fait des bisous, on s'fait des gâtés
Sa peau toute douce, elle me fait craquer
Made-moi-selle tu m'tournes autour, ça fait longtemps
Laisse tomber j'suis avec ma jolie
J'ne vois même plus passer le temps
Quand j'vais la voir j'suis en Asics, en Kalenji
Et là j'crois bien qu'j'vais rester avec elle jusqu'à Lundi
Ma jolie, j'lui fais tester mon bolide
Dans ma folie, j'lui fais tester mon brolique
Et j'm'affole-fole-fole
Faut qu'j'reste zen-zen-zen
C'est ma drogue j'la picole-cole-cole
Elle m'donne des ailes-ailes-ailes

[Pont 1]
Ma jolie, faut qu'j'reste solide
Ma jolie, faut qu'j'reste solide

[Pont 2]
Qu'est-ce qu'elle est belle ma jolie !
Qu'est-ce qu'elle est belle ma jolie !
Qu'est-ce qu'elle est belle ma jolie !
Qu'est-ce qu'elle est belle ma jolie !
Qu'est-ce qu'elle est belle ma jolie !
Qu'est-ce qu'elle est belle ma jolie !
Qu'est-ce qu'elle est belle ma jolie !
Qu'est-ce qu'elle est belle ma jolie !
[Refrain]
Ma jolie, dis-moi qu'tu m'aimes à la folie
Les yeux d'Angelina Jolie, mental Sandra Paoli

[Pont]
Ma jolie, ma jolie, ma jolie, ma jolie
Ma jolie, ma jolie, ma jolie, ma jolie

[Refrain]
Ma jolie, dis-moi qu'tu m'aimes à la folie
Les yeux d'Angelina Jolie, mental Sandra Paoli

[Pont]
Ma jolie, ma jolie, ma jolie, ma jolie
Ma jolie, ma jolie, ma jolie, ma jolie
Ma jolie, ma jolie, ma jolie, ma jolie
Ma jolie, ma jolie, ma jolie, ma jolie
Ma jolie, ma jolie, ma jolie, ma jolie

[Outro]
Quand je la vois j'suis plus là, j'ai mis les voiles, j'ai pris le large
Dans l'bonheur je nage, tu parles avec moi s'tu veux j'm'en tape1Embed",1647349872,3,"{'plain': ""Le morceau\n\nGros succès de l'album  “Je ne me vois pas briller” de Jul sorti l'été 2017.\n\n20 jours après sa sortie, le clip du morceau compte 15 millions de vues sur Youtube.\n\nIl est diffusé en boucle sur les ondes de beaucoup de radios durant l'été 2017.\n\nLe clip\n\nhttps://genius.com/13048523""}"
Le sang,https://genius.com/Jul-le-sang-lyrics,JuL,374524,"Le sang Lyrics[Paroles de ""Le sang""]

[Couplet 1]
Plus de nouvelles, bonnes nouvelles
Je vous jure sur ma vie que je meurs pour elle
Respecte-la on m'a dit
Fais tout pour elle, oui tout pour elle, moi je vole sous ses ailes
Et quand j'fais le tour moi, elle fait tout pour moi
Comme un con quand elle parle, je fais le sourd moi
Elle m'a donné la vie, logé, rempli le frigo
Sorti du commissariat, j'ai vite compris que j'ai fait l'idiot
Quand je te vois ouais j'ai des douleurs
Drôle de life j'sais que tu en as vu de toutes les couleurs
Maman, Maman
Ça m'fait peur quand je sais tous que la mort nous attend
J'vais essayer de te gâter, ma chance j'vais pas la rater
J't'aime fort même si des fois j'ai du mal à t'faire un gâter
Désolé si j'me suis fait inciter
J'sais que ça te fait peur de me voir traîner dans la cité
Et pour Papa, c'est pas grave, j'vous aime pareil
J'en ai la larme
Quand tu as des parents
Profites en mon ami
[Refrain]
J'ai passé mon temps à voir mes potos dans la merde
Faut que j'm'éloigne d'ici
Que j’emmène ma mère (ouais ouais)
J'ai passé mon temps à voir mes potos dans la merde
Faut que j'm'éloigne d'ici
Que j’emmène ma mère (ouais ouais)
J'ai passé mon temps à voir mes potos dans la merde
Faut que j'm'éloigne d'ici
Que j’emmène ma mère (ouais ouais)
J'ai passé mon temps à voir mes potos dans la merde
Faut que j'm'éloigne d'ici
Que j’emmène ma mère (ouais ouais)

[Couplet 2]
Et toi p'tit frère
Gâche pas ta vie
J'sais que tu es rentré, j'en suis pas ravi
Des fois j'pars la nuit, alcool, j’évite les ravins
J'ai la boule au ventre, quand je rentre le matin
C'est plus fort que moi, j'arrive pas à m'en aller
J'aime quand tu dors près de moi, j'aime te voir et t'entendre râler
Fais pas l'con p'tit frère
J'ai trop attendu qu'on te libère, c'est pour ton père, faudra s'y faire
Fais gaffe avec qui tu traînes
La vie c'est pas un jeu
Fais gaffe où tu traînes
J'aimerais que tu arrêtes un peu, rien qu'un peu
Ouais, rien qu'un peu
Parce que j'sens que les civ' guettent plus qu'un peu
Si un jour je fais des sous, j'vous emmène loin d'ici
Pour l'instant j'me saoule en attendant un signe
J'ai pas oublié
Qu'on se frappait et que maman criait
L'absence du dar', ça nous a liés
Maintenant on peut se fier
[Refrain]
J'ai passé mon temps à voir mes potos dans la merde
Faut que j'm'éloigne d'ici
Que j’emmène ma mère (ouais ouais)
J'ai passé mon temps à voir mes potos dans la merde
Faut que j'm'éloigne d'ici
Que j’emmène ma mère (ouais ouais)
J'ai passé mon temps à voir mes potos dans la merde
Faut que j'm'éloigne d'ici
Que j’emmène ma mère (ouais ouais)
J'ai passé mon temps à voir mes potos dans la merde
Faut que j'm'éloigne d'ici
Que j’emmène ma mère (ouais ouais)29Embed",1641642046,7,"{'plain': ""Dans ce morceau de son premier album JuL revient à ses origines : sa famille. Il déplore les avoir laissés de côté à cause de la vie dangereuse qu'il a mené, il rappelle à sa mère, son frère et son père malgré son absence – ceux qui partagent son sang – son amour. Enfin il émet le souhait de s'échapper avec sa famille du quartier, que son frère ne vive pas la même vie que lui.""}"
Mama,https://genius.com/Jul-mama-lyrics,JuL,2382528,"Mama Lyrics[Paroles de ""Mama""]

[Couplet 1]
Oh non Mama, oh, oh non Mama
J'ai fait mes bails oh Mama
J'serai là quand t'iras mal
J'serai là avec ou sans maille
Désolé j't'ai fait crier
Faut qu'j'te serre dans mes bras
J'ai peur qu'tu t'en ailles
J'ai mal au cœur Maman
J'ai mal à la tête Mama
J'veux pas qu'tu m'laisses seul
J'suis dans tous mes états ouais Mama
Y'a mon frère et y'a moi
Et tout l'passé derrière moi
J'vais vers d'l'avant pour toi
Car t'es la seule qui m'laissera pas
[Refrain]
Mama, t'es ma vie, t'es mon sang
J'ferai tout pour toi Mama
Y'a des hauts et y'a des bas
Quand tu vas pas, toi, mon cœur bat Mama
T'es ma vie, t'es mon sang
J'ferai tout pour toi Mama
Eh yo Mama, eh yo Mama
Eh yo Mama, eh yo Mama
Eh yo Mama, eh yo Mama
Eh yo Mama, eh yo Mama

[Couplet 2]
La seule qui m'en voudra pas
La seule sur qui j'douterai pas
La seule qui m'a pas lâché
Et ça depuis mes premiers pas
Mama si j'pourrais
J't'offrirais une maison sur la Lune
Mais j'ai appris dans c'monde de chiens
Que c'qui fait l'homme c'est pas la thune
Pour toi j'donnerais ma vie
Et tu sais qu'mon frère pareil
J'en ai marre d'tous ces problèmes
J'arrive plus à dire : ""j't'aime"" mon cœur s'enraye
[Refrain]
Mama, t'es ma vie, t'es mon sang
J'ferai tout pour toi Mama
Y'a des hauts et y'a des bas
Quand tu vas pas, toi, mon cœur bat Mama
T'es ma vie, t'es mon sang
J'ferai tout pour toi Mama
Eh yo Mama, eh yo Mama
Eh yo Mama, eh yo Mama
Eh yo Mama, eh yo Mama
Eh yo Mama, eh yo Mama

[Pont]
Eh yo Mama, eh yo Mama
Eh yo Mama, eh yo Mama
Eh yo Mama, eh yo Mama
Eh yo Mama, eh yo Mama
Eh yo Mama, eh yo Mama

[Refrain]
Mama, t'es ma vie, t'es mon sang
J'ferai tout pour toi Mama
Y'a des hauts et y'a des bas
Quand tu vas pas, toi, mon cœur bat Mama
T'es ma vie, t'es mon sang
J'ferai tout pour toi Mama
Eh yo Mama, eh yo Mama
Eh yo Mama, eh yo Mama
Eh yo Mama, eh yo Mama
Eh yo Mama, eh yo Mama
[Outro]
Mama, t'es ma vie, t'es mon sang
J'ferai tout pour toi Mama
Y'a des hauts et y'a des bas
Quand tu vas pas, toi, mon cœur bat Mama
Mama, t'es ma vie, t'es mon sang
J'ferai tout pour toi Mama
Eh yo Mama, eh yo Mama
Eh yo Mama, eh yo Mama
Eh yo Mama, eh yo Mama
Eh yo Mama, eh yo Mama
T'es ma vie, t'es mon sang
J'ferai tout pour toi Mama
Eh yo Mama, eh yo Mama
Eh yo Mama, eh yo Mama
Eh yo Mama, eh yo Mama
Mama, Mama2Embed",1643278110,6,"{'plain': ""Après plusieurs morceau d'ambiance à l'image de “Amnésia”, “En Y” ou encore “Wesh alors”, le rappeur nous propose un morceau mélancolique.\n\nCe titre est dédié à sa mère, avec qui il entretient une relation fusionnelle. L'artiste livre une déclaration touchant à sa mère à l'ensemble son audimat.""}"
Ils sont jaloux,https://genius.com/Jul-ils-sont-jaloux-lyrics,JuL,1783300,"Ils sont jaloux Lyrics[Intro : Jul]
C'est rien on s'adapte
C'est rien on s'adapte
C'est rien on s'adapte
C'est rien on s'adapte

[Refrain : Jul]
Ils sont jaloux (c'est rien on s'adapte)
Ils refont comme nous (c'est rien on s'adapte)
Ils s'en prennent à nous (c'est rien on s'adapte)
Putain y'a que des loups (c'est rien on s'adapte)
Ils sont jaloux (c'est rien on s'adapte)
Ils refont comme nous (c'est rien on s'adapte)
Ils s'en prennent à nous (c'est rien on s'adapte)
Putain y'a que des loups (c'est rien on s'adapte)
[Couplet 1 : Friz]
Température bouillante, khouya
Dis-moi la situation te casse, on s'adapte
Je suis revenu brulant, troublant
Sur le beat quand ça parle de tass je m'arrache
Va dire aux jaloux qui parlent de nous
Te casse pas la tête poto on s'adapte
On les bai-bai-baise, sur le beat tu sais qu'on pè-pè-pè-pèse
C'est la Liga One on reste les be-be-best, qui veux test ?
Eh vas-y, faites moi la queue
Et je tourne en rond comme ce disque dans ta gova
Quand tu vois le nom, c'est que ta femme sera dans nos bras
On veut tout prendre comme Salvatore
Si t'es déter' vas-y fais mieux

[Couplet 2 - Jul]
J'arrive en teum-teum, monte derrière
Tu parles de moi, j'vais te casser le derrière
Ils sont jaloux, j'suis dans l'game depuis l'année dernière
Je sais qui m'aide quand j'suis en galère
Je sais qui braque pour avoir un salaire
Je sais qui m'traque sur le net
Mais pour eux j'suis trop loin donc nique sa mère
Oh, on n'aime pas la police
J'branche la flic, elle est trop jolie
J'les vois ils m'prennent en poursuite
Ils veulent une photo c'est la folie
Ah, voilà, si t'es pas d'la honda, ne reste pas là
[Couplet 3 - Kamikaz]
J'me dévoile pas trop, j'vis pas du rap gros
Ils s'prennent pour Pablo, dehors ça joue les bras gros
Même si ton poto, t'envoie des infos
Ne crois pas c'qu'il raconte, si tu vois qu'il sonne faux
Trop trop de folles, beaucoup trop de jaloux
J'te connais même pas gros dis moi t'as mal où ?
Beaucoup te lâcheraient, beaucoup veulent ton malheur
À croire que l'amitié a perdu ses valeurs
Ne sois pas jaloux, cesse ton air de râleur
Dans la vie c'est soit tu bosses, soit t'es un branleur
Cesse tes manières, t'iras les faire ailleurs
Beaucoup manient le fer mieux qu'un ferrailleur
Si t'as parlé faut pas nier
Dans la merde poto on y est
On est seul, y'a pas d'alliés
Liga One Industry poto ça y est

[Refrain : Jul]
Ils sont jaloux (c'est rien on s'adapte)
Ils refont comme nous (c'est rien on s'adapte)
Ils s'en prennent à nous (c'est rien on s'adapte)
Putain y'a que des loups (c'est rien on s'adapte)
Ils sont jaloux (c'est rien on s'adapte)
Ils refont comme nous (c'est rien on s'adapte)
Ils s'en prennent à nous (c'est rien on s'adapte)
Putain y'a que des loups (c'est rien on s'adapte)
[Couplet 4 : Bil'k]
Mon poto j'ai pas d'vie
Pour ça tous les jours j'me saoule
Ta carcasse sur le pare-brise
On te roule dessus joue pas trop le fou
Joue pas trop le gangs' dans la zone
Ça te brûle ton corps à l'azote
Mais potos crois pas qu't'as la cote
Tu ramènes que des folles perdues à la 'son
Sur le bitume, on a passés tant d'années
Dans les stud', dans les blocs, dans les halls
Au sous-sol on est condamnés
J'ai pas trop l'choix, faut qu'j'paye la villa à Mama
Traîne pas trop l'soir p'tite fille, les chacals veulent d'la maille

[Couplet 5 : Houari]
Tu veux le bon son, viens par là
On accélère, tu t'gares là
Dis-le moi si je m'égare la
Si t'as une fille bien garde-la
En manque de love demande à F.R.I.Z
Marseille on fait la diff' y'a dégun qui nous aide
À part la Liga One y'a personne qui le sait
Oui faut pas le faire mais quand même tu le fais
Oh, y'a pas un mais on s'adapte
Dans la surface sévère ça tacle
J'ai des bons souvenirs ça date
Liga One dans les baffes ça tape
On fait du bon son et on s'en bat les
Miss sur la piste move your body
On fait du bon son et on s'en bat les
Miss sur la piste move your body

[Couplet 6 : Veazy]
C'que j'veux : d'la maille
La merde, y'en a marre
Même si l'oseille fait pas le bonheur
Donc si tu veux de la bonne y en a
On rôde, la night, la team J ce soir est khabat
Demande à Mortadon même si la vie est dure on s'adapte
Et laisse toi aller, j'vais te faire planer comme Marley
Et laisse toi aller, j'vais te faire planer comme Marley
Et laisse toi aller, j'vais te faire planer comme Marley
Et laisse toi aller, j'vais te faire planer comme Marley

[Refrain : Jul]
Ils sont jaloux (c'est rien on s'adapte)
Ils refont comme nous (c'est rien on s'adapte)
Ils s'en prennent à nous (c'est rien on s'adapte)
Putain y'a que des loups (c'est rien on s'adapte)
Ils sont jaloux (c'est rien on s'adapte)
Ils refont comme nous (c'est rien on s'adapte)
Ils s'en prennent à nous (c'est rien on s'adapte)
Putain y'a que des loups (c'est rien on s'adapte)
Ils sont jaloux (c'est rien on s'adapte)
Ils refont comme nous (c'est rien on s'adapte)
Ils s'en prennent à nous (c'est rien on s'adapte)
Putain y'a que des loups (c'est rien on s'adapte)
Ils sont jaloux (c'est rien on s'adapte)
Ils refont comme nous (c'est rien on s'adapte)
Ils s'en prennent à nous (c'est rien on s'adapte)
Putain y'a que des loups (c'est rien on s'adapte)
Ils sont jaloux (c'est rien on s'adapte)
Ils refont comme nous (c'est rien on s'adapte)
Ils s'en prennent à nous (c'est rien on s'adapte)
Putain y'a que des loups (c'est rien on s'adapte)
Ils sont jaloux (c'est rien on s'adapte)
Ils refont comme nous (c'est rien on s'adapte)
Ils s'en prennent à nous (c'est rien on s'adapte)
Putain y'a que des loups (c'est rien on s'adapte)13Embed",1530300890,49,"{'plain': ""Ce titre, en featuring avec Liga One, Friz, Kamikaz, Bilk, Houari & Veazy, est le dernier titre de l'album à sortir en single ; il se placera 85ème du top single en 2015.""}"
Encore des paroles,https://genius.com/Jul-encore-des-paroles-lyrics,JuL,2382508,"Encore des paroles Lyrics[Paroles de ""Encore des paroles"" ft. Julie Gonzalez]

[Couplet 1 : Jul]
J'suis dans mon monde
Rien n'va plus, j'fais des rondes
J'pense à toi, je m'enfonce
Pas loin de moi mais tu me manques
T'es dans mon cœur ma gueule
Ma gueule d’ange
J’ai fauté mais pour toi j’fais des murders
M’en veux pas mais moi j’ai trop peur de
Te faire du mal, je ne veux pas te perdre
Et quand j’te vois, moi j’suis pas l’même
J’fais un effort, j’crois qu’tu m’malmènes
J’sais qu’c’est facile à lire mes peines
Mais pas facile à dire “je t’aime”
[Refrain : Jul & Julie Gonzalez]
Franchement j’suis déçu, voilà
Ne crois pas que j’te raconte des salades
Mais ce n’est qu’une histoire my love
On n’va pas en parler toute la night
Mi corazon est rempli d’balafres
Ne m’en veux pas je t’en prie, j’suis malade
Non ne crois pas que j’te balade
Tu le sais déjà, tu es ma life

[Pont : Julie Gonzalez]
Ma vie sans toi : un cauchemar
Je ris, je pleure mais j’vis
J’ai peur qu’il ne soit trop tard
Et que tout soit fini
Ne me laisse pas, ne me laisse pas
Ne me laisse pas sans toi
Je ne pourrais pas, je ne pourrais pas
Vivre une seconde sans toi

[Couplet 2 :Julie Gonzalez]
Je suis dans un monde où je n’pense qu’à toi
Le cœur a ses raisons que la mienne n’ignore pas
J’ai tout fait mais rien n’y fait, c’est la même rengaine
Tu n’sais pas comme je t’aime
Quand tu dégaines, mon cœur saigne
Paroles et encore des paroles
Histoire de cœur quand il s’brise c’est pas drôle
[Refrain : Jul & Julie Gonzalez]
Franchement j’suis déçu, voilà
Ne crois pas que j’te raconte des salades
Mais ce n’est qu’une histoire my love
On n’va pas en parler toute la night
Mi corazon est rempli d’balafres
Ne m’en veux pas je t’en prie, j’suis malade
Non ne crois pas que j’te balade
Tu le sais déjà, tu es ma life

[Pont : Julie Gonzalez]
Ma vie sans toi : un cauchemar
Je ris, je pleure mais j’vis
J’ai peur qu’il ne soit trop tard
Et que tout soit fini
Ne me laisse, ne me laisse pas
Ne me laisse pas sans toi
Je ne pourrais pas, je ne pourrais pas
Vivre une seconde sans toi

[Refrain : Jul & Julie Gonzalez]
Franchement j’suis déçu, voilà
Ne crois pas que j’te raconte des salades
Mais ce n’est qu’une histoire my love
On n’va pas en parler toute la night
Mi corazon est rempli d’balafres
Ne m’en veux pas je t’en prie, j’suis malade
Non ne crois pas que j’te balade
Tu le sais déjà, tu es ma life
[Outro : Jul]
J’suis dans mon monde
Rien n’va plus, j’fais des rondes
J’pense à toi, je m’enfonce
Pas loin de moi mais tu me manques
J’suis dans mon monde
Rien n’va plus, j’fais des rondes
J’pense à toi, je m’enfonce
Pas loin de moi mais tu me manques3Embed",1643223292,17,"{'plain': ""Ce morceau est l'unique featuring féminin présent sur cet album. Les paroles sont assez simples et explicites, mais très profondes.\n\nCe titre semble s'inspirer fortement de Paroles, paroles de Dalida.""}"
Malade,https://genius.com/Jul-malade-lyrics,JuL,374550,"Malade Lyrics[Paroles de ""Malade""]

[Couplet 1 : Kalif Hardcore]
J'ai vu des frères virer, j'en ai même vu à la morgue
Excusez moi mon Dieu, d'avoir revendu la drogue
J'vois des minots de seize ans s'balader avec des Glock
Une seule idée en tête, c'est charbonner dans le bloc
C'est tout dans la dégaine, plus d'respect que ça dégaine
Youma protège mes frères, d'la cocaïne dans les veines
J'compte sur peu d'amis j'traine avec bourriche et le doc
Y'a le frérot gaga qui m'dépanne toujours des tiop'
J'crois en Soso maness, Kamikaze et Jul à bloc
Mec j'ai pas changé c'est toujours du rap des blocs
Sur l'autoroute en phare xénon, y'a les condés dis pas de prénom
Rien qu'ça fume le bon, malade comme Jul j'touche au charbon
[Refrain]
J'suis malade, me dîtes plus rien j'vis ma life, toute la night
J'suis déréglé j'suis khabat
Malade, j'vois les petits rabattre, les voitures d'la BAC
Que des hommes qui s'abattent (ratatata)
J'suis malade, me dîtes plus rien j'vis ma life, toute la night
J'suis déréglé j'suis khabat
Malade, j'vois les petits rabattre, les voitures d'la BAC
Que des hommes qui s'abattent (ratatata)

[Couplet 2 : Jul ]
J'suis malade j'ai vu mon frère rentrer, malade j'ai vu ma mère pleurer
Tu peux vite finir et ganté, ça dépend de qui tu vas fréquenter
J'ai regardé la Lune, la tête dans les étoiles
Une barre je fume, et je pense à toi
J'suis malade, j'descends de chez moi j'vois les petits charbonner
Et vu ma life, est-ce que le bon Dieu pourra me pardonner ?
J'ai tant donné, on m'a taclé j'me suis cramponné
Toi tu aimes bien les boites, boire et tamponner
Tu t'mets à sniffer t'attrapes des crampes au nez, crampes au nez
Malade, plan foireux ça finit en balade

[Refrain]
J'suis malade, me dîtes plus rien j'vis ma life, toute la night
J'suis déréglé j'suis khabat
Malade, j'vois les petits rabattre, les voitures d'la BAC
Que des hommes qui s'abattent (ratatata)
J'suis malade, me dîtes plus rien j'vis ma life, toute la night
J'suis déréglé j'suis khabat
Malade, j'vois les petits rabattre, les voitures d'la BAC
Que des hommes qui s'abattent (ratatata)
J'suis malade, me dîtes plus rien j'vis ma life, toute la night
J'suis déréglé j'suis khabat
Malade, j'vois les petits rabattre, les voitures d'la BAC
Que des hommes qui s'abattent (ratatata)
J'suis malade, me dîtes plus rien j'vis ma life, toute la night
J'suis déréglé j'suis khabat
Malade, j'vois les petits rabattre, les voitures d'la BAC
Que des hommes qui s'abattent (ratatata)19Embed",1641639133,6,{'plain': '?'}
On m’appelle l’ovni,https://genius.com/Jul-on-mappelle-lovni-lyrics,JuL,2892088,"On m’appelle l’ovni Lyrics[Paroles de ""On m'appelle l'ovni""]

[Intro]
On m'appelle l'ovni
On m'appelle l'ovni
On m'appelle l'ovni
On m'appelle l'ovni
On m'appelle l'ovni

[Couplet 1]
J'suis parti, j'squatte plus le béton
J'aide mes potes qui sont bés-tom
Je sers, que ça retourne son veston
Ils s'reconnaissent dans mes sons
Alcoolisé au guidon, j'fais des doigts d'honneurs aux schmits
Faut voir c'que nous vivons entre les histoires et les flûtes
Que ça mitonne, oh oh
Même plus je m'étonne, oh oh
Et si mon heure sonne, oh oh
Pleure pas rigole, oh oh (l'ovni)
J'ai ma team, pour ça qu'j'm'en tape de la promo' (l'ovni)
J'ai la rime, je peux y arriver, ça serait beau (l'ovni)
[Refrain]
Je cours après le temps, je suis loin de tout
Que ils parlent de moi, ils me cassent les couilles
Je suis dans l'insomnie (on m'appelle l'ovni)
Je suis dans l'insomnie (on m'appelle l'ovni)

[Couplet 2]
J'sais même plus et ouais mec
On parle plus, ils jalousent
On a le truc, j'les comprends pas, faut qu'j'parle cru (l'ovni)
Trop d'attente, peut-être que j'sors trop d'albums
J'sais pas, j'trouve ça sombre
Ma team me dit : ""c'est la bombe""
Regarde, j'fais comme je peux
Je ne sais pas dire non, c'est fini
Nous aurons plus, c'est trop loin que nous visons
Ils m'critiquent
Oh le bâtard que il chenef, il s'attarde et ouais
Fais le signe Jul sans plaque quand tu grilles le radar (l'ovni)

[Pont]
La galère, oui, on l'a connue
Couteau dans la plaie, ils aimeraient qu'on remue (l'ovni)
T'es un deuhman, je te donne un faux num'
Non (l'ovni)
[Refrain]
Je cours après le temps, je suis loin de tout (l'ovni)
Que ils parlent de moi, ils me cassent les couilles (l'ovni)
Je suis dans l'insomnie (on m’appelle l'ovni)
Je suis dans l'insomnie (on m’appelle l'ovni)

[Pont]
On m’appelle l'ovni
On m’appelle l'ovni
Je cours après le temps, je suis loin de tout
Que ils parlent de moi, ils me cassent les couilles
Je suis dans l'insomnie (on m’appelle l'ovni)
Je suis dans l'insomnie (on m’appelle l'ovni)

[Refrain]
Je cours après le temps, je suis loin de tout (l'ovni)
Que ils parlent de moi, ils me cassent les couilles (l'ovni)
Je suis dans l'insomnie (on m’appelle l'ovni)
Je suis dans l'insomnie (on m’appelle l'ovni)

[Outro]
On m'appelle l'ovni
On m'appelle l'ovni
On m'appelle l'ovni
On m'appelle l'ovni
On m'appelle l'ovni
On m'appelle l'ovni
L'ovni3Embed",1647430823,10,"{'plain': ""On M'appelle L'Ovni est le premier single extrait de l'album L'Ovni de Jul.""}"
Briganté,https://genius.com/Jul-brigante-lyrics,JuL,406469,"Briganté Lyrics[Paroles de ""Briganté""]

[Intro]
La la la la
La la la la
Y'a des fous partout
Y'a des p'tits gantés
Y'a des fous partout
Y'a des p'tits gantés

[Refrain]
Y'a des fous partout
Y'a des p'tits gantés
J'suis fier d'mon parcours
J'joue pas l'brigante
Y'a des fous partout
Y'a des p'tits gantés
J'suis fier d'mon parcours
J'joue pas l'brigante
[Couplet 1]
Laissez moi j'suis dans mon délire
J'suis personne j'ai pas à m'vanter
J'vois les petits faire des délits
J'ai pas la tête à inventer
Tu voulais savoir ma vie
J'ai traîné ça m'a scanné
J'ai grandi, j'ai vu mes amis
J'les côtoie ça fait des années
Dans ma team on est un peu tous fous
Embrouille ça sort les six coups
T'es la famille viens boire un coup
Ramène ta folle on lui met son coup

[Refrain]
Y'a des fous partout
Y'a des p'tits gantés
J'suis fier d'mon parcours
J'joue pas l'brigante
Y'a des fous partout
Y'a des p'tits gantés
J'suis fier d'mon parcours
J'joue pas l'brigante
Y'a des fous partout
Y'a des p'tits gantés
J'suis fier d'mon parcours
J'joue pas l'brigante
La la la
La la
La la la
La la
[Couplet 2]
Chez moi ça taf au black ou ça vend du shit
Qu'un seul but en tête c'est d'faire du chiffre
S'il te plait parle mieux tu vas te prendre une gifle
A chaque fois que je rappe, je vois la foule qui s'agite
Demande à Soso et Kalif on est ailleurs
Liga One cette année, ça va foutre le fire
Ça fait plaisir de voir que ça me soutient
Comme de voir ma tête sur les Flyer
L'argent m'attire, j'vais pas vous mentir
Il manque que ça pour pouvoir m'en sortir
Et pour les petits fous qui pour le terter quittent tout
Si ça t'fait plaisir alors danse sur ma zik
Encore un classique et ouais Jul c'est magique
J'vis d'amour et de peine, crois pas qu'je t'emboucane
Au début tout est rose après tout le monde se poucave, je sors même plus le week-end

[Refrain]
Y'a des fous partout
Y'a des p'tits gantés
J'suis fier d'mon parcours
J'joue pas l'brigante
Y'a des fous partout
Y'a des p'tits gantés
J'suis fier d'mon parcours
J'joue pas l'brigante
Y'a des fous partout
Y'a des p'tits gantés
J'suis fier d'mon parcours
J'joue pas l'brigante
Y'a des fous partout
Y'a des p'tits gantés
J'suis fier d'mon parcours
J'joue pas l'brigante
La la la
La la la
La la la
La la la
La la la17Embed",1642085881,9,"{'plain': ""“Briganté” est morceau dansant grâce à son refrain simple et mélodieux.\n\nLe morceau est plutôt court, avec seulement deux couplet composé de peu de vers. Le refrain est présent lui à trois reprises, montrant une nouvelle fois la volonté de l'artiste d'en faire un morceau dansant.""}"
La classe,https://genius.com/Jul-la-classe-lyrics,JuL,2446940,"La classe Lyrics[Paroles de ""La classe""]

[Couplet unique]
J'sais même plus quel jour on est, j'suis en fumette toute la journée
J'ai nié, j'ai pas avoué, et mes sons font que tourner
Un peu d'Jack Miel on est jnounés, dans la voiture cagoulés
Arah y'a les poulets, j'me noie et j'ai pas d'bouée
Tu vas finir l'corps troué
J'ai qu’un but, j'ai qu’un souhait, MC tu es sous mon soulier
Y'a les schmits sur ton palier, fallait nier
Trop d'ennemis peu d'alliés, le game j'l'ai balayé
J'peux mourir comme Aaliyah, avoue-le tu peux pas l'nier
On prend du buzz si y'a, arrive au clip en canon scié
Trop de folles, trop de bitches, j'en n'ai plus rien à cirer
C’est l'ami d’mon ennemi, et les pompes il veut m'les cirer
J'ai l'cœur déchiré, j'ai touché l'iceberg, j'ai pas chaviré
S'il faut dans l'passé j'irai, s'il faut dans l'passé j'irai
J'm'en bats les c' d'mon ex, j'ai les gire, oh
Et mes potes ils sont givrés, prennent la fuite quand y’a les gyros
Tu m’as trahi dis pas ""mercé"", tu vas m’lécher quand j’serai en Mercé’
Quand une balle va te traverser, bah dis ""non mercé""
Levez-vous on va vous killer, on n’est pas des minots
T’as fait la pute, faut pas trahir Toto comme Schiro
J’fume un joint j’suis quillé, avec un peu de sirop
Je rêve, je veux des billets, j’veux mettre la lu’-lu’ comme Pirlo
T’as vu comment j’suis habillé, j’fais mes clips j’suis pas maquillé
T’as vu comment j’suis grillé, toujours la même haine au micro
Il a mis le nez dans la machin, ça y est il me fait la machine
Moi gros y’a personne qui m’achète, ils veulent m’avoir avec un peu de magie
J’brûlais les feux comme dans GTA, j’savais même plus j’étais où
Embrouille ouais t’étais là, ouais mais tu m’dégoutes
On veut tous le Panamera, avec loin on s’en ira
Moi gros j’suis juste un rappeur, j’fais pas de miracles
Dans c’monde y’a que des acteurs, vis mon malheur
J’reviens t’t à l’heure, je gamberge là
À chanter ouais ils sont beaucoup, on reviendra forts comme Sangoku
Ouais la miss j’suis comme un autre : j’te parle et j’veux t’mettre mon coup
Trahi pas la main qui t’a nourri, quand tu manges dans celle qui t’a pourri
Vas-y tu peux me killer, t’façon j’suis assuré tous risques
Asics, survêt’ de l’OM, j’ai toujours mes problèmes
J’vais pas t’écrire un poème
Tu fais trop l’Tony toi, tu vas t’faire buter par Sosa
Que ils chantent tous ces comiques
Moi j’suis pas eux, j’mouille le dossard3Embed",1657912481,21,"{'plain': ""Le son “La Classe” est un extrait de l'album gratuit de Jul, prévu pour le 1 avril 2016 ; c'est une fuite parue sur Youtube le 29 mars, puis supprimée suite à une demande du label de Jul.""}"
Señora,https://genius.com/Jul-senora-lyrics,JuL,488902,"Señora Lyrics[Paroles de ""Señora""]

[Couplet 1]
Ce soir y'a rien à faire, laissez-moi j'suis ailleurs
J'viens de boire un flash, histoire d'oublier l'malheur
J'croise une miss, belles fesses, beau tailleur
Elle m'a tapé dans l’œil, elle s'est trop mis en valeur
J'ai pris son num, je l’appellerais toute à l'heure
Pour l'instant j'suis avec mes potes, j'regarde même pas l'heure
J'ai pas la belle caisse, j'ai pas des millions
Certains me détestent parce que j'suis mignon
On m'a dit fait gaffe aux femmes, elles font des drames
Mauvaise de l'intérieur, elle te détourne avec son charme
Ma soirée est finie, y'a plus de timide
J'retourne la voir, elle se fait mimi
Mais laissez-moi dans mon monde
Et laissez-moi dans mon monde
Laissez-moi dans mon monde
Laissez-moi dans mon monde
[Refrain]
J'perds mes mots, j'sais plus quoi faire, t'es trop belle, tu m'as rendu fou, Senõra
J'vois que toi de partout, mes potes m'ont dit elle t'aura, ignore-la
J'perds mes mots, j'sais plus quoi faire, t'es trop belle, tu m'as rendu fou, Senõra
J'vois que toi de partout, mes potes m'ont dit elle t'aura, ignore-la

[Pont]
Lalalalalalala
Lalalalalalala
Lalalalalalala
Lalalalalalala

[Couplet 2]
J'descends de chez moi, j'ai des problèmes j'suis perdu
On m'a cassé mon cœur, pourtant il avait l'air dur
J'raconte ma life à ceux que j'aime
Y a qu'eux qui me comprennent
Elle m'avait promis le ciel mais j'ai pas vu d'étoiles
Et moi, désespéré j'ai du mettre les voiles
Elle a pris la confiance, elle m'a trop vu gentil
Fallait peut-être que je sois méchant, voilà ce que j'en tire
À croire que je suis tombé dans le drogue love
Moi qui croyais avoir le cœur fendu
Pourquoi elle m'a fait du mal ? Elle a l'esprit tordu
Toute ma vie, moi je l'aurais attendu
[Refrain]
J'perds mes mots, j'sais plus quoi faire, t'es trop belle, tu m'as rendu fou, Senõra
J'vois que toi de partout, mes potes m'ont dit elle t'aura, ignore-la
J'perds mes mots, j'sais plus quoi faire, t'es trop belle, tu m'as rendu fou, Senõra
J'vois que toi de partout, mes potes m'ont dit elle t'aura, ignore-la

[Pont]
Lalalalalalala
Lalalalalalala
Lalalalalalala
Lalalalalalala

[Refrain]
J'perds mes mots, je sais plus quoi faire, t'es trop belle, tu m'as rendu fou, Senõra
J'vois que toi de partout, mes potes m'ont dit elle t'aura, ignore-la
J'perds mes mots, je sais plus quoi faire, t'es trop belle, tu m'as rendu fou, Senõra
J'vois que toi de partout, mes potes m'ont dit elle t'aura, ignore-la20Embed",1642247638,15,{'plain': '?'}
T’es pas le seul,https://genius.com/Jul-tes-pas-le-seul-lyrics,JuL,369864,"T’es pas le seul Lyrics[Refrain]
T'es pas le seul, t'es pas le seul, t'es pas le seul, t'es pas le seul
T'es pas le seul, t'es pas le seul, t'es pas le seul, t'es pas le seul
T'es pas le seul, t'es pas le seul, t'es pas le seul, t'es pas le seul

[Couplet 1 - Kamikaze]
Tu passes tes nerfs dans le shit poto t'es pas le seul
T'es pas le seul qui galère dur, qui a le seum
L'amour te ferme les yeux, tu le vois que quand t'es seul
L'amitié ne vaut rien, tu t'en aperçois quand t'es seul
Mais vaut mieux rester seul, que traîner avec des faux-culs
Te mêle pas, avant de parler, hachek, regarde ton cul
À part la loi du plus fort, mon poto j'en vois aucune
T'es pas le seul qui galère dur, qui a la police au cul
T'occupe pas, t'es pas le seul recule pas
Laisse-les parler, sois fort ne les calcule pas
Ils parlent de nous mais ils savent pas
Dis-leur qu'on s'est fait seul
J'oublie pas sans Liga One j’étais seul
Si t'as des choses à dire, dis-les potos t'es pas le seul
Entoure toi de bons, dis-toi que t'arrives à rien tout seul
Toi t'as goûté au bitume, tu rêves d'avoir des big thunes
Poto t'es pas le seul
[Refrain]
T'es pas le seul, t'es pas le seul, t'es pas le seul, t'es pas le seul
T'es pas le seul, t'es pas le seul, t'es pas le seul, t'es pas le seul
T'es pas le seul, t'es pas le seul, t'es pas le seul, t'es pas le seul

[Pont - Jul]
Tu as connu la galère, mais t'es pas le seul
Aide ton prochain et le Ciel t'aidera
Pense à ta mère quand tu te sens seul, quoi qu'il arrive elle t'aimera
Tu as connu la galère, mais t'es pas le seul
Aide ton prochain et le Ciel t'aidera
Pense à ta mère quand tu te sens seul, quoi qu'il arrive elle t'aimera

[Couplet 2 - Jul]
Tes parents sont séparés, mon frère, t'es pas le seul
Tu as perdu un proche, c'est un ange dans le ciel !
Et moi quand je pense seul
Dans ma paranoïa je deviens fou, j'parle seul
Est-ce qu'on va tous souffrir ?
La belle vie on va se l'offrir ?
Même si tu m'vois sourire
Sache que j'm'attends au pire
Est-ce que sous terre on va pourrir ? On va tous mourir
Tu es pas le seul !
Sentiment de trahison, la jalousie parle seule
Tu aimais quelqu'un, elle t'a quitté pour un autre, tu es pas le seul
Tu as plus de sous, et ça t'oublie, tu es pas le seul
Problème de famille, tu veux pas en parler, tu es pas le seul
Tu as la vingtaine, tu as un enfant, tu es pas le seul
Tu vois plus tes potes que ta famille, t'y es pas le seul
Tu as oublié que tu es pas seul, je sais y'a rien de facile
Les pieds dans le malheur, attends que le bonheur te fasse signe
Moi plus rien ne me fascine, le cœur cassé
J'ai mis son nom sur le sable, les vagues l'ont effacé
[Pont - Jul]
Tu as connu la galère, mais t'es pas le seul
Aide ton prochain et le Ciel t'aidera
Pense à ta mère quand tu te sens seul, quoi qu'il arrive elle t'aimera
Tu as connu la galère, mais t'es pas le seul
Aide ton prochain et le Ciel t'aidera
Pense à ta mère quand tu te sens seul, quoi qu'il arrive elle t'aimera

[Refrain]
T'es pas le seul, t'es pas le seul, t'es pas le seul, t'es pas le seul
T'es pas le seul, t'es pas le seul, t'es pas le seul, t'es pas le seul
T'es pas le seul, t'es pas le seul, t'es pas le seul, t'es pas le seul

[Pont - Jul]
Tu as connu la galère, mais t'es pas le seul
Aide ton prochain et le Ciel t'aidera
Pense à ta mère quand tu te sens seul, quoi qu'il arrive elle t'aimera
Tu as connu la galère, mais t'es pas le seul
Aide ton prochain et le Ciel t'aidera
Pense à ta mère quand tu te sens seul, quoi qu'il arrive elle t'aimera26Embed",1602843055,7,{'plain': '?'}
Pourquoi tu me fais le gros,https://genius.com/Jul-pourquoi-tu-me-fais-le-gros-lyrics,JuL,607382,"Pourquoi tu me fais le gros Lyrics[Couplet 1 : Houari]
J'trouve pas le sommeil dans mon ghe-ghe-tto
Gros pétard au soleil, j'ai connu la merde très tôt
Y'a du shit, des armes, du biff, des armes, c'est l'ghetto
J'trouve pas le sommeil, direct j'roule un bédo
Marseille ne sait pas parler, cash elle sort les métaux
Pour un tel tu agis, pour un tel l'affaire, tu l'écopes
Pourquoi tu m'fais le gros ? Liga One on a du flow
Ah tu veux nous test tu floppes
On partage mais tu veux tout croque
Mais pourquoi tu m'fais le gros ? Liga One on a du flow
Ah tu veux nous test tu floppes
On partage mais tu veux tout croque
[Couplet 2 : Bil-k]
Eh oh j'suis khabat, j'vois que des têtes bizarres
Concert dans le bloc à guichets fermés j'trouve pas l'sommeil comme à Ibiza
T'as pas d'vie si t'as pas d'sous
J'dors pas la nuit tant qu'mon avenir sera flou
J'me pète la tête dans mon dél' j'suis sé-po
Gardez la pêche en mandat d'dépôt
Ils parlent de nous GP c'est ghe-ghe-ghetto
Dans toute la France on s'verra bientôt
C'est ghe-ghe-ghetto

[Refrain : Jul]
Tu dis qu'c'est ton frère qu'tu l'aimes trop
Mais pourquoi tu donnes le go ?
On sait qu't'as faim qu't'as les crocs
Mais pourquoi tu m'fais le gros ?

[Couplet 3 : Jul]
MC tu as rien niqué c't'année, sors pas d'armes t'es pas un voyou
Parle pas trop car on sait jamais, même ton jnoun m'arrive pas au genou
J'fais les choses comme j'veux j'les baise tous j'm'en bats les
Oui j'm'en bats les quand c'est JUL move your body
Oui le beat t'emballe alors bouge ton boule
Et si l'videur t'recale dis-lui ""vafencul'""
Regarde ma vie j'ai traîné, j'me retrouve à la télé
Dans le tieks j'fait des délits dans mon délire dur d'atterrir
Si tu m'aimes pas dis-le moi, j'jamais dit que j'deale moi
Mes potes ils sont pas bien ils s'fument j'sais pas combien de kils' au mois
Elle m'joue la dure elle m'fait la réservée, vu son passé j'peux pas la préserver
C'est ton ami mais à quoi il t'servait ?
Maintenant à c'qu'il paraît il t'cherche en SRV
[Couplet 4 : Kamikaz]
Dites aux putes que j'ai rien à prouver, j'prends j'me sers de ce que j'ai trouvé
J'rappe terter et si tu veux me faire taire, poto tu me cherches gros j'suis pas dur à trouver
J'donnerai plus crois-moi si j'le pouvais
Pour l'terter poto moi j'en connais beaucoup qui tueraient
J'fais c'que j'peux comme j'veux pour les potos depuis le début en plus c'est Liga One qui envoie la purée
Suffit pas de dire les choses, faut assumer
Suffit pas de faire les choses, faut assurer
On reconnaît les vrais potes, sur la durée
Même devant les jurés rien ne sert de jurer
J'trouve pas l'sommeil j'effrite sur le produit
La porte était fermée j'suis passée par le conduit
Que des mythomanes crois pas tout c'qu'ils t'ont dit
Poto on fait comme on veut on s'en fout de c'que t'en dis

[Refrain : Jul]
Tu dis qu'c'est ton frère qu'tu l'aimes trop
Mais pourquoi tu donnes le go ?
On sait qu't'as faim qu't'as les crocs
Mais pourquoi tu m'fais le gros ?

[Couplet 5 : Frizer]
Boy, c'est la Liga One qui prend le contrôle de toutes vos manettes
On taffe comme des chinois H24 à gratter je trouve pas le sommeil
C'est la rue qui nous a validé, tu peux pas nous tester
Sur le beat on est trop carrés, allez-y remballez
Bip bip, on arrive comme il fallait
Petit pas de danse on arrive trop fêlés
Il fait le fou te casse pas la tête fais-le
Mais quand tu le vois dans la rue, mets-lui
Moi c'est Friz' sur le son j'me promène
Plus de haine que de sang dans mes veines
Tu t'demandes mais pourquoi pas la peine
T'es rentré faut qu't'assumes, fais ta peine
J'trouve pas le sommeil, parce qu'il m'manque de l'oseille
C'est la dalle qui t'réveille, moi mon frère c'est pareil
[Couplet 6 : Soso Maness]
Eh yo, on y va doucement
J'en ai mis du monde d'accord poto depuis c'temps
Arrêtez le rap les gars vous perdez votre temps
Pour les MC morts je demande un instant
T'entends ? Tout niquer dans le game la famille c'est tentant
Dans les ruelles de ma ville résonnent les pan pan
Et si tu veux l'oseille va braquer en 4 temps
On vient reprendre le game c'est c'qu'il fallait
Déterminés comme dans les DOM-TOM
Shab t'es un voyou ouais allez, allez
Liga One les baise, que des bonhommes
Direction la Jonq' ouais on décolle
Montes pas trop le ton tu vas goûter l'sol
Ça kicke sur du rap du raï du dancehall
Quoi t'as fait du buzz laisse-moi rire, LOL

[Refrain : Jul]
Tu dis qu'c'est ton frère qu'tu l'aimes trop
Mais pourquoi tu donnes le go ?
On sait qu't'as faim qu't'as les crocs
Mais pourquoi tu m'fais le gros ?

[Couplet 7 : Veazy (Ghetto Phénomène)]
Bouge tes fesses, allez wiggle wiggle
J'aime trop le sexe, devant ton boule je bigle
Vas-y déstresse, pour toi j'en roule un big
Faut pas qu'tu t'vexes sinon j'te next, mais non je rigole
C'est pas pour noyer mes sentiments que tout le temps je picole
Mon âme est sombre et oui bitch c'est ton corps que j'picore
Et j'fume ma kush, accompagné d'alcool
J'aime comme elle est cash et quand à mon dos elle s'accroche

[Couplet 8 : Kalif Hardcore]
Dans l'ghetto c'est Call Of
Ça refait Tony pour un billet mauve
Sale économie en manque de loves
J'te le dis mon pote ça tise à mort
Des fils de pute s'occupent de ma life
Sur la piste Bella se balade
J'vois la Lune de loin sous vodka
Demande à Aram une vie de malade
J'suis ca-ca-calé dans mon carré
J'suis pété elle vient me parler
C'est quatre heures envie d'me barrer
J'me retrouve pété sur le Jarret
Vida loca la vie de taré
Donne la photo et donne le tarot
Envoie l'mandat et paie l'avocat
Reste pas trop là y'a que des paros

[Refrain : Jul]
Tu dis qu'c'est ton frère qu'tu l'aimes trop
Mais pourquoi tu donnes le go ?
On sait qu't'as faim qu't'as les crocs
Mais pourquoi tu m'fais le gros ?
Tu dis qu'c'est ton frère qu'tu l'aimes trop
Mais pourquoi tu donnes le go ?
On sait qu't'as faim qu't'as les crocs
Mais pourquoi tu m'fais le gros ?
Tu dis qu'c'est ton frère qu'tu l'aimes trop
Mais pourquoi tu donnes le go ?
On sait qu't'as faim qu't'as les crocs
Mais pourquoi tu m'fais le gros ?43Embed",1642257883,13,{'plain': '?'}
Coucou,https://genius.com/Jul-coucou-lyrics,JuL,2390593,"Coucou Lyrics[Paroles de ""Coucou""]

[Couplet 1]
Dans mon secteur gros, ça écoute tout
Y'a des braves, des traîtres et des pou'-pou'
Elle aime les pigeons et les toutous
Y'a parlu elle se rentre tout dans la foufoune
J'suis le sang de la veine, j'suis ton chouchou
Mais j't'ai plus vu quand c'était trop chaud
Envoie la plaquette, les petits découpent tout
Ça m'demande des photos, ça gratte des poutous
T'es trop en buvette, tu l'as cambou
Elle a pas faim tu vas faire un cambu
Poto pourquoi tu me lâches pour du bambou ?
À t'écouter tu niques tout l'monde, toi t'es Rambo
À c'qu’il paraît tu t'choupes pour avoir des infos
On va détourner ta gow, la rendre nympho
Et sortir les pecs poto c'est bien beau
Si j'sors le machin tu danses le mambo
T'es tout speed poto t'as abusé sur la c' c'
Tu m'fais la timide mais t'aimes les fessées
Sous la cagoule c'est JuL alors écoute couz'
En showcase pour être devant ça s'met des coups d'coude
Tant demain je prends une frappe et je les nique tous
Et quand j'bosse, ils dansent bien #Moose
Pas d'USB dans l'gamos on met l'bluetooth
J'passe en zone dans Marseille j'les envoute tous
Au début c’est : ""wesh la miss"" j'te fais coucou
Après j'te mets une disquette pour te mettre mon coup-coup
[Refrain]
J'écris tout c'qui passe dans ma tête
C'est JuL j'représente ma tess
Détends-toi là j'te sens pas à l'aise
Ici c'est sombre on fait jamais la fête
J'écris tout c'qui passe dans ma tête
C'est Jul j'représente ma tess
Détends-toi là j'te sens pas à l'aise
Tu t'rabaisses en faisant trop le balaise

[Couplet 2]
Mais qu'est-ce qui lui arrive, elle veut mes flou-flouze ?
Sorcellerie dans le couscous
Et c'est mort au quartier y'a plus dégun
Ils ont regardé Toto ils sortent les guns
Moi j’vais m’tailler si t’es chaud ""ven aqui""
J'vais vivre sous l'soleil ou dans le maquis
La jalousie rend fou, beaucoup de kheys
Alors en showcase il pleut ses bouteilles
C'est foutu si tu veux m'voir couler
Touche la famille on va s'cagouler
On m'a dit : ""qu'est-c't'attends pour les trouer ?""
J'réponds : ""y'a déjà trop d'frères écroués""
J'aime la vitesse et les gros cubes
Les blondes, les brunes avec les gros culs
Disque d'or en trois jours j'réalise pas
J'crois pas qu'les maisons de disques kiffent ça
Et sors de là grille pas ta blonde
Tu vas m'énerver à la longue
Y'a des mecs bizarres dans la zone
Même plus un coup de téléphone
C'est trop TB là que ça s'paquette
Y'a personne qu'aurait pu faire le Clark Kent
J'réponds pas quand les médias m'harcèlent
J'dédicace tous les charbons d'Marseille à Sarcelles
[Refrain]
J'écris tout c'qui passe dans ma tête
C'est Jul j'représente ma tess
Détends-toi là j'te sens pas à l'aise
Ici c'est sombre on fait jamais la fête
J'écris tout c'qui passe dans ma tête
C'est Jul j'représente ma tess
Détends-toi là j'te sens pas à l'aise
Tu t'rabaisses en faisant trop le balaise
J'écris tout c'qui passe dans ma tête
C'est Jul j'représente ma tess
Détends-toi là j'te sens pas à l'aise
Ici c'est sombre on fait jamais la fête
J'écris tout c'qui passe dans ma tête
C'est Jul j'représente ma tess
Détends-toi là j'te sens pas à l'aise
Tu t'rabaisses en faisant trop le balaise3Embed",1643539699,28,{'plain': 'Le rythme et certaines sonorités de ce morceau sont inspirées du morceau “Chouchou” de DJ Soze et A Dalahi.\n\nhttps://www.youtube.com/watch?v=Qyt7AUSmEEA'}
